




    
    <geom name="stair_rise1_1" type="box" size="0.150 0.750 0.0050" pos="1.000 -2.0 0.0050" material="wood"/>
    <geom name="stair_rise1_2" type="box" size="0.150 0.750 0.0100" pos="1.300 -2.0 0.0100" material="wood"/>
    <geom name="stair_rise1_3" type="box" size="0.150 0.750 0.0150" pos="1.600 -2.0 0.0150" material="wood"/>
    <geom name="stair_rise1_4" type="box" size="0.150 0.750 0.0200" pos="1.900 -2.0 0.0200" material="wood"/>
    <geom name="stair_rise1_5" type="box" size="0.150 0.750 0.0250" pos="2.200 -2.0 0.0250" material="wood"/>
    
    <geom name="stair_rise6_1" type="box" size="0.150 0.750 0.0550" pos="2.500 -2.0 0.0550" material="wood"/>
    <geom name="stair_rise6_2" type="box" size="0.150 0.750 0.0850" pos="2.800 -2.0 0.0850" material="wood"/>
    <geom name="stair_rise6_3" type="box" size="0.150 0.750 0.1150" pos="3.100 -2.0 0.1150" material="wood"/>
    <geom name="stair_rise6_4" type="box" size="0.150 0.750 0.1450" pos="3.400 -2.0 0.1450" material="wood"/>
    <geom name="stair_rise6_5" type="box" size="0.150 0.750 0.1750" pos="3.700 -2.0 0.1750" material="wood"/>
    
    <geom name="stair_rise11_1" type="box" size="0.150 0.750 0.2300" pos="4.000 -2.0 0.2300" material="wood"/>
    <geom name="stair_rise11_2" type="box" size="0.150 0.750 0.2850" pos="4.300 -2.0 0.2850" material="wood"/>
    <geom name="stair_rise11_3" type="box" size="0.150 0.750 0.3400" pos="4.600 -2.0 0.3400" material="wood"/>
    <geom name="stair_rise11_4" type="box" size="0.150 0.750 0.3950" pos="4.900 -2.0 0.3950" material="wood"/>
    <geom name="stair_rise11_5" type="box" size="0.150 0.750 0.4500" pos="5.200 -2.0 0.4500" material="wood"/>
    
    <geom name="stair_rise16_1" type="box" size="0.150 0.750 0.5300" pos="5.500 -2.0 0.5300" material="wood"/>
    <geom name="stair_rise16_2" type="box" size="0.150 0.750 0.6100" pos="5.800 -2.0 0.6100" material="wood"/>
    <geom name="stair_rise16_3" type="box" size="0.150 0.750 0.6900" pos="6.100 -2.0 0.6900" material="wood"/>
    <geom name="stair_rise16_4" type="box" size="0.150 0.750 0.7700" pos="6.400 -2.0 0.7700" material="wood"/>
    <geom name="stair_rise16_5" type="box" size="0.150 0.750 0.8500" pos="6.700 -2.0 0.8500" material="wood"/>


    <geom name="ramp_5deg" type="box" size="1.500 0.750 0.050" pos="2.4943 0.0 0.1307" axisangle="0 1 0 -0.0873" material="wood"/>
    <geom name="ramp_10deg" type="box" size="1.500 0.750 0.050" pos="5.4658 0.0 0.5219" axisangle="0 1 0 -0.1745" material="wood"/>
    <geom name="ramp_15deg" type="box" size="1.500 0.750 0.050" pos="8.3919 0.0 1.1706" axisangle="0 1 0 -0.2618" material="wood"/>
    <geom name="ramp_20deg" type="box" size="1.500 0.750 0.050" pos="11.2503 0.0 2.0719" axisangle="0 1 0 -0.3491" material="wood"/>
    <geom name="ramp_25deg" type="box" size="1.500 0.750 0.050" pos="14.0193 0.0 3.2189" axisangle="0 1 0 -0.4363" material="wood"/>
    <geom name="ramp_30deg" type="box" size="1.500 0.750 0.050" pos="16.6778 0.0 4.6028" axisangle="0 1 0 -0.5236" material="wood"/>
    <geom name="ramp_35deg" type="box" size="1.500 0.750 0.050" pos="19.2056 0.0 6.2131" axisangle="0 1 0 -0.6109" material="wood"/>
    <geom name="ramp_40deg" type="box" size="1.500 0.750 0.050" pos="21.5834 0.0 8.0377" axisangle="0 1 0 -0.6981" material="wood"/>
    <geom name="ramp_45deg" type="box" size="1.500 0.750 0.050" pos="23.7931 0.0 10.0625" axisangle="0 1 0 -0.7854" material="wood"/>


    <geom name="rubble_1" type="box" size="0.050 0.050 0.0270" pos="1.032 1.314 0.0270" axisangle="0 0 1 -0.080" material="wood" mass="0.1"/>
    <geom name="rubble_2" type="box" size="0.050 0.050 0.0222" pos="1.045 1.409 0.0222" axisangle="0 0 1 -0.090" material="wood" mass="0.1"/>
    <geom name="rubble_3" type="box" size="0.050 0.050 0.0491" pos="1.063 1.482 0.0491" axisangle="0 0 1 -0.030" material="wood" mass="0.1"/>
    <geom name="rubble_4" type="box" size="0.050 0.050 0.0375" pos="1.051 1.618 0.0375" axisangle="0 0 1 0.092" material="wood" mass="0.1"/>
    <geom name="rubble_5" type="box" size="0.050 0.050 0.0491" pos="1.049 1.682 0.0491" axisangle="0 0 1 0.031" material="wood" mass="0.1"/>
    <geom name="rubble_6" type="box" size="0.050 0.050 0.0439" pos="1.053 1.811 0.0439" axisangle="0 0 1 0.114" material="wood" mass="0.1"/>
    <geom name="rubble_7" type="box" size="0.050 0.050 0.0468" pos="1.031 1.886 0.0468" axisangle="0 0 1 -0.150" material="wood" mass="0.1"/>
    <geom name="rubble_8" type="box" size="0.050 0.050 0.0459" pos="1.040 2.015 0.0459" axisangle="0 0 1 -0.029" material="wood" mass="0.1"/>
    <geom name="rubble_9" type="box" size="0.050 0.050 0.0331" pos="1.048 2.097 0.0331" axisangle="0 0 1 -0.225" material="wood" mass="0.1"/>
    <geom name="rubble_10" type="box" size="0.050 0.050 0.0296" pos="1.035 2.207 0.0296" axisangle="0 0 1 0.109" material="wood" mass="0.1"/>
    <geom name="rubble_11" type="box" size="0.050 0.050 0.0216" pos="1.035 2.303 0.0216" axisangle="0 0 1 -0.099" material="wood" mass="0.1"/>
    <geom name="rubble_12" type="box" size="0.050 0.050 0.0216" pos="1.060 2.390 0.0216" axisangle="0 0 1 -0.062" material="wood" mass="0.1"/>
    <geom name="rubble_13" type="box" size="0.050 0.050 0.0445" pos="1.069 2.505 0.0445" axisangle="0 0 1 0.010" material="wood" mass="0.1"/>
    <geom name="rubble_14" type="box" size="0.050 0.050 0.0097" pos="1.053 2.581 0.0097" axisangle="0 0 1 0.248" material="wood" mass="0.1"/>
    <geom name="rubble_15" type="box" size="0.050 0.050 0.0216" pos="1.056 2.696 0.0216" axisangle="0 0 1 0.123" material="wood" mass="0.1"/>
    <geom name="rubble_16" type="box" size="0.050 0.050 0.0303" pos="1.155 1.308 0.0303" axisangle="0 0 1 -0.070" material="wood" mass="0.1"/>
    <geom name="rubble_17" type="box" size="0.050 0.050 0.0357" pos="1.153 1.393 0.0357" axisangle="0 0 1 -0.137" material="wood" mass="0.1"/>
    <geom name="rubble_18" type="box" size="0.050 0.050 0.0409" pos="1.155 1.499 0.0409" axisangle="0 0 1 0.230" material="wood" mass="0.1"/>
    <geom name="rubble_19" type="box" size="0.050 0.050 0.0250" pos="1.131 1.584 0.0250" axisangle="0 0 1 -0.174" material="wood" mass="0.1"/>
    <geom name="rubble_20" type="box" size="0.050 0.050 0.0108" pos="1.140 1.707 0.0108" axisangle="0 0 1 0.180" material="wood" mass="0.1"/>
    <geom name="rubble_21" type="box" size="0.050 0.050 0.0456" pos="1.155 1.810 0.0456" axisangle="0 0 1 0.055" material="wood" mass="0.1"/>
    <geom name="rubble_22" type="box" size="0.050 0.050 0.0481" pos="1.169 1.885 0.0481" axisangle="0 0 1 -0.065" material="wood" mass="0.1"/>
    <geom name="rubble_23" type="box" size="0.050 0.050 0.0090" pos="1.137 1.985 0.0090" axisangle="0 0 1 -0.223" material="wood" mass="0.1"/>
    <geom name="rubble_24" type="box" size="0.050 0.050 0.0408" pos="1.131 2.090 0.0408" axisangle="0 0 1 0.200" material="wood" mass="0.1"/>
    <geom name="rubble_25" type="box" size="0.050 0.050 0.0197" pos="1.150 2.219 0.0197" axisangle="0 0 1 -0.137" material="wood" mass="0.1"/>
    <geom name="rubble_26" type="box" size="0.050 0.050 0.0131" pos="1.154 2.319 0.0131" axisangle="0 0 1 -0.110" material="wood" mass="0.1"/>
    <geom name="rubble_27" type="box" size="0.050 0.050 0.0473" pos="1.158 2.383 0.0473" axisangle="0 0 1 0.260" material="wood" mass="0.1"/>
    <geom name="rubble_28" type="box" size="0.050 0.050 0.0082" pos="1.166 2.506 0.0082" axisangle="0 0 1 0.121" material="wood" mass="0.1"/>
    <geom name="rubble_29" type="box" size="0.050 0.050 0.0186" pos="1.154 2.581 0.0186" axisangle="0 0 1 0.100" material="wood" mass="0.1"/>
    <geom name="rubble_30" type="box" size="0.050 0.050 0.0031" pos="1.150 2.706 0.0031" axisangle="0 0 1 -0.176" material="wood" mass="0.1"/>
    <geom name="rubble_31" type="box" size="0.050 0.050 0.0041" pos="1.233 1.287 0.0041" axisangle="0 0 1 0.250" material="wood" mass="0.1"/>
    <geom name="rubble_32" type="box" size="0.050 0.050 0.0134" pos="1.253 1.386 0.0134" axisangle="0 0 1 0.023" material="wood" mass="0.1"/>
    <geom name="rubble_33" type="box" size="0.050 0.050 0.0377" pos="1.253 1.483 0.0377" axisangle="0 0 1 0.079" material="wood" mass="0.1"/>
    <geom name="rubble_34" type="box" size="0.050 0.050 0.0319" pos="1.237 1.605 0.0319" axisangle="0 0 1 -0.044" material="wood" mass="0.1"/>
    <geom name="rubble_35" type="box" size="0.050 0.050 0.0071" pos="1.258 1.698 0.0071" axisangle="0 0 1 -0.192" material="wood" mass="0.1"/>
    <geom name="rubble_36" type="box" size="0.050 0.050 0.0218" pos="1.257 1.789 0.0218" axisangle="0 0 1 0.261" material="wood" mass="0.1"/>
    <geom name="rubble_37" type="box" size="0.050 0.050 0.0410" pos="1.233 1.883 0.0410" axisangle="0 0 1 0.159" material="wood" mass="0.1"/>
    <geom name="rubble_38" type="box" size="0.050 0.050 0.0417" pos="1.240 1.984 0.0417" axisangle="0 0 1 -0.031" material="wood" mass="0.1"/>
    <geom name="rubble_39" type="box" size="0.050 0.050 0.0106" pos="1.268 2.100 0.0106" axisangle="0 0 1 -0.031" material="wood" mass="0.1"/>
    <geom name="rubble_40" type="box" size="0.050 0.050 0.0039" pos="1.245 2.207 0.0039" axisangle="0 0 1 0.080" material="wood" mass="0.1"/>
    <geom name="rubble_41" type="box" size="0.050 0.050 0.0094" pos="1.257 2.289 0.0094" axisangle="0 0 1 -0.093" material="wood" mass="0.1"/>
    <geom name="rubble_42" type="box" size="0.050 0.050 0.0451" pos="1.230 2.419 0.0451" axisangle="0 0 1 0.043" material="wood" mass="0.1"/>
    <geom name="rubble_43" type="box" size="0.050 0.050 0.0198" pos="1.269 2.505 0.0198" axisangle="0 0 1 0.066" material="wood" mass="0.1"/>
    <geom name="rubble_44" type="box" size="0.050 0.050 0.0087" pos="1.241 2.601 0.0087" axisangle="0 0 1 0.141" material="wood" mass="0.1"/>
    <geom name="rubble_45" type="box" size="0.050 0.050 0.0298" pos="1.258 2.683 0.0298" axisangle="0 0 1 -0.225" material="wood" mass="0.1"/>
    <geom name="rubble_46" type="box" size="0.050 0.050 0.0199" pos="1.333 1.298 0.0199" axisangle="0 0 1 -0.095" material="wood" mass="0.1"/>
    <geom name="rubble_47" type="box" size="0.050 0.050 0.0426" pos="1.359 1.397 0.0426" axisangle="0 0 1 0.217" material="wood" mass="0.1"/>
    <geom name="rubble_48" type="box" size="0.050 0.050 0.0154" pos="1.359 1.515 0.0154" axisangle="0 0 1 0.073" material="wood" mass="0.1"/>
    <geom name="rubble_49" type="box" size="0.050 0.050 0.0489" pos="1.362 1.605 0.0489" axisangle="0 0 1 -0.180" material="wood" mass="0.1"/>
    <geom name="rubble_50" type="box" size="0.050 0.050 0.0081" pos="1.361 1.719 0.0081" axisangle="0 0 1 0.219" material="wood" mass="0.1"/>
    <geom name="rubble_51" type="box" size="0.050 0.050 0.0353" pos="1.369 1.815 0.0353" axisangle="0 0 1 -0.004" material="wood" mass="0.1"/>
    <geom name="rubble_52" type="box" size="0.050 0.050 0.0042" pos="1.347 1.904 0.0042" axisangle="0 0 1 0.074" material="wood" mass="0.1"/>
    <geom name="rubble_53" type="box" size="0.050 0.050 0.0482" pos="1.365 2.012 0.0482" axisangle="0 0 1 0.130" material="wood" mass="0.1"/>
    <geom name="rubble_54" type="box" size="0.050 0.050 0.0113" pos="1.343 2.087 0.0113" axisangle="0 0 1 0.166" material="wood" mass="0.1"/>
    <geom name="rubble_55" type="box" size="0.050 0.050 0.0347" pos="1.338 2.188 0.0347" axisangle="0 0 1 -0.235" material="wood" mass="0.1"/>
    <geom name="rubble_56" type="box" size="0.050 0.050 0.0402" pos="1.364 2.291 0.0402" axisangle="0 0 1 0.136" material="wood" mass="0.1"/>
    <geom name="rubble_57" type="box" size="0.050 0.050 0.0095" pos="1.348 2.409 0.0095" axisangle="0 0 1 0.197" material="wood" mass="0.1"/>
    <geom name="rubble_58" type="box" size="0.050 0.050 0.0403" pos="1.354 2.500 0.0403" axisangle="0 0 1 -0.130" material="wood" mass="0.1"/>
    <geom name="rubble_59" type="box" size="0.050 0.050 0.0185" pos="1.347 2.585 0.0185" axisangle="0 0 1 -0.205" material="wood" mass="0.1"/>
    <geom name="rubble_60" type="box" size="0.050 0.050 0.0164" pos="1.353 2.704 0.0164" axisangle="0 0 1 0.205" material="wood" mass="0.1"/>
    <geom name="rubble_61" type="box" size="0.050 0.050 0.0274" pos="1.442 1.287 0.0274" axisangle="0 0 1 0.031" material="wood" mass="0.1"/>
    <geom name="rubble_62" type="box" size="0.050 0.050 0.0331" pos="1.440 1.420 0.0331" axisangle="0 0 1 0.163" material="wood" mass="0.1"/>
    <geom name="rubble_63" type="box" size="0.050 0.050 0.0134" pos="1.434 1.498 0.0134" axisangle="0 0 1 0.096" material="wood" mass="0.1"/>
    <geom name="rubble_64" type="box" size="0.050 0.050 0.0403" pos="1.445 1.604 0.0403" axisangle="0 0 1 0.158" material="wood" mass="0.1"/>
    <geom name="rubble_65" type="box" size="0.050 0.050 0.0155" pos="1.450 1.692 0.0155" axisangle="0 0 1 -0.109" material="wood" mass="0.1"/>
    <geom name="rubble_66" type="box" size="0.050 0.050 0.0099" pos="1.452 1.793 0.0099" axisangle="0 0 1 -0.057" material="wood" mass="0.1"/>
    <geom name="rubble_67" type="box" size="0.050 0.050 0.0311" pos="1.448 1.918 0.0311" axisangle="0 0 1 0.242" material="wood" mass="0.1"/>
    <geom name="rubble_68" type="box" size="0.050 0.050 0.0287" pos="1.436 1.984 0.0287" axisangle="0 0 1 -0.099" material="wood" mass="0.1"/>
    <geom name="rubble_69" type="box" size="0.050 0.050 0.0207" pos="1.447 2.082 0.0207" axisangle="0 0 1 -0.046" material="wood" mass="0.1"/>
    <geom name="rubble_70" type="box" size="0.050 0.050 0.0320" pos="1.441 2.192 0.0320" axisangle="0 0 1 -0.074" material="wood" mass="0.1"/>
    <geom name="rubble_71" type="box" size="0.050 0.050 0.0208" pos="1.458 2.310 0.0208" axisangle="0 0 1 0.132" material="wood" mass="0.1"/>
    <geom name="rubble_72" type="box" size="0.050 0.050 0.0431" pos="1.450 2.405 0.0431" axisangle="0 0 1 0.044" material="wood" mass="0.1"/>
    <geom name="rubble_73" type="box" size="0.050 0.050 0.0360" pos="1.438 2.503 0.0360" axisangle="0 0 1 -0.019" material="wood" mass="0.1"/>
    <geom name="rubble_74" type="box" size="0.050 0.050 0.0246" pos="1.433 2.615 0.0246" axisangle="0 0 1 -0.079" material="wood" mass="0.1"/>
    <geom name="rubble_75" type="box" size="0.050 0.050 0.0132" pos="1.451 2.714 0.0132" axisangle="0 0 1 0.211" material="wood" mass="0.1"/>
    <geom name="rubble_76" type="box" size="0.050 0.050 0.0351" pos="1.545 1.311 0.0351" axisangle="0 0 1 0.087" material="wood" mass="0.1"/>
    <geom name="rubble_77" type="box" size="0.050 0.050 0.0124" pos="1.534 1.392 0.0124" axisangle="0 0 1 -0.100" material="wood" mass="0.1"/>
    <geom name="rubble_78" type="box" size="0.050 0.050 0.0139" pos="1.545 1.491 0.0139" axisangle="0 0 1 -0.073" material="wood" mass="0.1"/>
    <geom name="rubble_79" type="box" size="0.050 0.050 0.0448" pos="1.555 1.594 0.0448" axisangle="0 0 1 -0.033" material="wood" mass="0.1"/>
    <geom name="rubble_80" type="box" size="0.050 0.050 0.0096" pos="1.561 1.697 0.0096" axisangle="0 0 1 -0.202" material="wood" mass="0.1"/>
    <geom name="rubble_81" type="box" size="0.050 0.050 0.0384" pos="1.550 1.799 0.0384" axisangle="0 0 1 -0.229" material="wood" mass="0.1"/>
    <geom name="rubble_82" type="box" size="0.050 0.050 0.0249" pos="1.556 1.882 0.0249" axisangle="0 0 1 0.217" material="wood" mass="0.1"/>
    <geom name="rubble_83" type="box" size="0.050 0.050 0.0145" pos="1.536 2.009 0.0145" axisangle="0 0 1 0.125" material="wood" mass="0.1"/>
    <geom name="rubble_84" type="box" size="0.050 0.050 0.0224" pos="1.549 2.094 0.0224" axisangle="0 0 1 -0.012" material="wood" mass="0.1"/>
    <geom name="rubble_85" type="box" size="0.050 0.050 0.0400" pos="1.556 2.181 0.0400" axisangle="0 0 1 -0.098" material="wood" mass="0.1"/>
    <geom name="rubble_86" type="box" size="0.050 0.050 0.0154" pos="1.556 2.285 0.0154" axisangle="0 0 1 0.045" material="wood" mass="0.1"/>
    <geom name="rubble_87" type="box" size="0.050 0.050 0.0129" pos="1.548 2.399 0.0129" axisangle="0 0 1 0.148" material="wood" mass="0.1"/>
    <geom name="rubble_88" type="box" size="0.050 0.050 0.0386" pos="1.568 2.486 0.0386" axisangle="0 0 1 0.134" material="wood" mass="0.1"/>
    <geom name="rubble_89" type="box" size="0.050 0.050 0.0372" pos="1.540 2.593 0.0372" axisangle="0 0 1 0.248" material="wood" mass="0.1"/>
    <geom name="rubble_90" type="box" size="0.050 0.050 0.0347" pos="1.552 2.713 0.0347" axisangle="0 0 1 0.166" material="wood" mass="0.1"/>
    <geom name="rubble_91" type="box" size="0.050 0.050 0.0359" pos="1.651 1.284 0.0359" axisangle="0 0 1 0.151" material="wood" mass="0.1"/>
    <geom name="rubble_92" type="box" size="0.050 0.050 0.0388" pos="1.656 1.416 0.0388" axisangle="0 0 1 0.245" material="wood" mass="0.1"/>
    <geom name="rubble_93" type="box" size="0.050 0.050 0.0450" pos="1.636 1.485 0.0450" axisangle="0 0 1 0.001" material="wood" mass="0.1"/>
    <geom name="rubble_94" type="box" size="0.050 0.050 0.0317" pos="1.664 1.591 0.0317" axisangle="0 0 1 -0.163" material="wood" mass="0.1"/>
    <geom name="rubble_95" type="box" size="0.050 0.050 0.0373" pos="1.662 1.682 0.0373" axisangle="0 0 1 -0.151" material="wood" mass="0.1"/>
    <geom name="rubble_96" type="box" size="0.050 0.050 0.0363" pos="1.635 1.803 0.0363" axisangle="0 0 1 -0.196" material="wood" mass="0.1"/>
    <geom name="rubble_97" type="box" size="0.050 0.050 0.0347" pos="1.644 1.880 0.0347" axisangle="0 0 1 -0.225" material="wood" mass="0.1"/>
    <geom name="rubble_98" type="box" size="0.050 0.050 0.0134" pos="1.647 2.003 0.0134" axisangle="0 0 1 0.203" material="wood" mass="0.1"/>
    <geom name="rubble_99" type="box" size="0.050 0.050 0.0248" pos="1.645 2.083 0.0248" axisangle="0 0 1 0.185" material="wood" mass="0.1"/>
    <geom name="rubble_100" type="box" size="0.050 0.050 0.0164" pos="1.652 2.183 0.0164" axisangle="0 0 1 0.185" material="wood" mass="0.1"/>
    <geom name="rubble_101" type="box" size="0.050 0.050 0.0164" pos="1.638 2.311 0.0164" axisangle="0 0 1 0.057" material="wood" mass="0.1"/>
    <geom name="rubble_102" type="box" size="0.050 0.050 0.0111" pos="1.654 2.387 0.0111" axisangle="0 0 1 -0.061" material="wood" mass="0.1"/>
    <geom name="rubble_103" type="box" size="0.050 0.050 0.0354" pos="1.651 2.499 0.0354" axisangle="0 0 1 0.234" material="wood" mass="0.1"/>
    <geom name="rubble_104" type="box" size="0.050 0.050 0.0482" pos="1.667 2.581 0.0482" axisangle="0 0 1 0.147" material="wood" mass="0.1"/>
    <geom name="rubble_105" type="box" size="0.050 0.050 0.0144" pos="1.668 2.716 0.0144" axisangle="0 0 1 0.100" material="wood" mass="0.1"/>
    <geom name="rubble_106" type="box" size="0.050 0.050 0.0245" pos="1.750 1.319 0.0245" axisangle="0 0 1 -0.219" material="wood" mass="0.1"/>
    <geom name="rubble_107" type="box" size="0.050 0.050 0.0092" pos="1.761 1.419 0.0092" axisangle="0 0 1 -0.117" material="wood" mass="0.1"/>
    <geom name="rubble_108" type="box" size="0.050 0.050 0.0262" pos="1.746 1.498 0.0262" axisangle="0 0 1 -0.261" material="wood" mass="0.1"/>
    <geom name="rubble_109" type="box" size="0.050 0.050 0.0314" pos="1.755 1.609 0.0314" axisangle="0 0 1 0.130" material="wood" mass="0.1"/>
    <geom name="rubble_110" type="box" size="0.050 0.050 0.0404" pos="1.760 1.718 0.0404" axisangle="0 0 1 -0.205" material="wood" mass="0.1"/>
    <geom name="rubble_111" type="box" size="0.050 0.050 0.0207" pos="1.744 1.812 0.0207" axisangle="0 0 1 -0.248" material="wood" mass="0.1"/>
    <geom name="rubble_112" type="box" size="0.050 0.050 0.0489" pos="1.740 1.893 0.0489" axisangle="0 0 1 -0.244" material="wood" mass="0.1"/>
    <geom name="rubble_113" type="box" size="0.050 0.050 0.0296" pos="1.763 1.983 0.0296" axisangle="0 0 1 0.164" material="wood" mass="0.1"/>
    <geom name="rubble_114" type="box" size="0.050 0.050 0.0455" pos="1.749 2.094 0.0455" axisangle="0 0 1 0.078" material="wood" mass="0.1"/>
    <geom name="rubble_115" type="box" size="0.050 0.050 0.0382" pos="1.744 2.192 0.0382" axisangle="0 0 1 -0.135" material="wood" mass="0.1"/>
    <geom name="rubble_116" type="box" size="0.050 0.050 0.0149" pos="1.738 2.300 0.0149" axisangle="0 0 1 -0.049" material="wood" mass="0.1"/>
    <geom name="rubble_117" type="box" size="0.050 0.050 0.0152" pos="1.759 2.383 0.0152" axisangle="0 0 1 -0.142" material="wood" mass="0.1"/>
    <geom name="rubble_118" type="box" size="0.050 0.050 0.0419" pos="1.757 2.509 0.0419" axisangle="0 0 1 0.207" material="wood" mass="0.1"/>
    <geom name="rubble_119" type="box" size="0.050 0.050 0.0205" pos="1.764 2.593 0.0205" axisangle="0 0 1 0.258" material="wood" mass="0.1"/>
    <geom name="rubble_120" type="box" size="0.050 0.050 0.0026" pos="1.751 2.712 0.0026" axisangle="0 0 1 -0.169" material="wood" mass="0.1"/>
    <geom name="rubble_121" type="box" size="0.050 0.050 0.0335" pos="1.859 1.293 0.0335" axisangle="0 0 1 0.150" material="wood" mass="0.1"/>
    <geom name="rubble_122" type="box" size="0.050 0.050 0.0313" pos="1.835 1.408 0.0313" axisangle="0 0 1 -0.208" material="wood" mass="0.1"/>
    <geom name="rubble_123" type="box" size="0.050 0.050 0.0185" pos="1.846 1.512 0.0185" axisangle="0 0 1 0.118" material="wood" mass="0.1"/>
    <geom name="rubble_124" type="box" size="0.050 0.050 0.0215" pos="1.842 1.607 0.0215" axisangle="0 0 1 -0.004" material="wood" mass="0.1"/>
    <geom name="rubble_125" type="box" size="0.050 0.050 0.0036" pos="1.839 1.717 0.0036" axisangle="0 0 1 -0.114" material="wood" mass="0.1"/>
    <geom name="rubble_126" type="box" size="0.050 0.050 0.0343" pos="1.851 1.790 0.0343" axisangle="0 0 1 -0.065" material="wood" mass="0.1"/>
    <geom name="rubble_127" type="box" size="0.050 0.050 0.0419" pos="1.857 1.916 0.0419" axisangle="0 0 1 0.096" material="wood" mass="0.1"/>
    <geom name="rubble_128" type="box" size="0.050 0.050 0.0125" pos="1.837 2.008 0.0125" axisangle="0 0 1 -0.023" material="wood" mass="0.1"/>
    <geom name="rubble_129" type="box" size="0.050 0.050 0.0270" pos="1.836 2.086 0.0270" axisangle="0 0 1 -0.099" material="wood" mass="0.1"/>
    <geom name="rubble_130" type="box" size="0.050 0.050 0.0085" pos="1.863 2.215 0.0085" axisangle="0 0 1 -0.142" material="wood" mass="0.1"/>
    <geom name="rubble_131" type="box" size="0.050 0.050 0.0236" pos="1.853 2.311 0.0236" axisangle="0 0 1 -0.256" material="wood" mass="0.1"/>
    <geom name="rubble_132" type="box" size="0.050 0.050 0.0116" pos="1.862 2.393 0.0116" axisangle="0 0 1 0.059" material="wood" mass="0.1"/>
    <geom name="rubble_133" type="box" size="0.050 0.050 0.0196" pos="1.831 2.482 0.0196" axisangle="0 0 1 -0.185" material="wood" mass="0.1"/>
    <geom name="rubble_134" type="box" size="0.050 0.050 0.0191" pos="1.832 2.615 0.0191" axisangle="0 0 1 0.005" material="wood" mass="0.1"/>
    <geom name="rubble_135" type="box" size="0.050 0.050 0.0459" pos="1.849 2.707 0.0459" axisangle="0 0 1 -0.160" material="wood" mass="0.1"/>
    <geom name="rubble_136" type="box" size="0.050 0.050 0.0139" pos="1.964 1.314 0.0139" axisangle="0 0 1 -0.069" material="wood" mass="0.1"/>
    <geom name="rubble_137" type="box" size="0.050 0.050 0.0391" pos="1.948 1.416 0.0391" axisangle="0 0 1 -0.247" material="wood" mass="0.1"/>
    <geom name="rubble_138" type="box" size="0.050 0.050 0.0132" pos="1.935 1.486 0.0132" axisangle="0 0 1 0.126" material="wood" mass="0.1"/>
    <geom name="rubble_139" type="box" size="0.050 0.050 0.0394" pos="1.964 1.611 0.0394" axisangle="0 0 1 -0.218" material="wood" mass="0.1"/>
    <geom name="rubble_140" type="box" size="0.050 0.050 0.0136" pos="1.966 1.685 0.0136" axisangle="0 0 1 0.052" material="wood" mass="0.1"/>
    <geom name="rubble_141" type="box" size="0.050 0.050 0.0281" pos="1.960 1.809 0.0281" axisangle="0 0 1 0.102" material="wood" mass="0.1"/>
    <geom name="rubble_142" type="box" size="0.050 0.050 0.0072" pos="1.951 1.889 0.0072" axisangle="0 0 1 0.114" material="wood" mass="0.1"/>
    <geom name="rubble_143" type="box" size="0.050 0.050 0.0442" pos="1.941 2.016 0.0442" axisangle="0 0 1 -0.126" material="wood" mass="0.1"/>
    <geom name="rubble_144" type="box" size="0.050 0.050 0.0481" pos="1.935 2.091 0.0481" axisangle="0 0 1 0.112" material="wood" mass="0.1"/>
    <geom name="rubble_145" type="box" size="0.050 0.050 0.0172" pos="1.934 2.214 0.0172" axisangle="0 0 1 -0.184" material="wood" mass="0.1"/>
    <geom name="rubble_146" type="box" size="0.050 0.050 0.0362" pos="1.952 2.281 0.0362" axisangle="0 0 1 -0.228" material="wood" mass="0.1"/>
    <geom name="rubble_147" type="box" size="0.050 0.050 0.0326" pos="1.930 2.400 0.0326" axisangle="0 0 1 -0.226" material="wood" mass="0.1"/>
    <geom name="rubble_148" type="box" size="0.050 0.050 0.0415" pos="1.958 2.489 0.0415" axisangle="0 0 1 0.121" material="wood" mass="0.1"/>
    <geom name="rubble_149" type="box" size="0.050 0.050 0.0269" pos="1.946 2.594 0.0269" axisangle="0 0 1 0.041" material="wood" mass="0.1"/>
    <geom name="rubble_150" type="box" size="0.050 0.050 0.0215" pos="1.934 2.693 0.0215" axisangle="0 0 1 -0.152" material="wood" mass="0.1"/>
    <geom name="rubble_151" type="box" size="0.050 0.050 0.0413" pos="2.047 1.300 0.0413" axisangle="0 0 1 0.104" material="wood" mass="0.1"/>
    <geom name="rubble_152" type="box" size="0.050 0.050 0.0037" pos="2.058 1.398 0.0037" axisangle="0 0 1 -0.203" material="wood" mass="0.1"/>
    <geom name="rubble_153" type="box" size="0.050 0.050 0.0265" pos="2.058 1.511 0.0265" axisangle="0 0 1 0.160" material="wood" mass="0.1"/>
    <geom name="rubble_154" type="box" size="0.050 0.050 0.0458" pos="2.065 1.593 0.0458" axisangle="0 0 1 0.257" material="wood" mass="0.1"/>
    <geom name="rubble_155" type="box" size="0.050 0.050 0.0269" pos="2.067 1.705 0.0269" axisangle="0 0 1 0.140" material="wood" mass="0.1"/>
    <geom name="rubble_156" type="box" size="0.050 0.050 0.0287" pos="2.036 1.806 0.0287" axisangle="0 0 1 -0.221" material="wood" mass="0.1"/>
    <geom name="rubble_157" type="box" size="0.050 0.050 0.0447" pos="2.046 1.914 0.0447" axisangle="0 0 1 0.259" material="wood" mass="0.1"/>
    <geom name="rubble_158" type="box" size="0.050 0.050 0.0486" pos="2.060 2.019 0.0486" axisangle="0 0 1 -0.101" material="wood" mass="0.1"/>
    <geom name="rubble_159" type="box" size="0.050 0.050 0.0315" pos="2.059 2.096 0.0315" axisangle="0 0 1 -0.228" material="wood" mass="0.1"/>
    <geom name="rubble_160" type="box" size="0.050 0.050 0.0078" pos="2.065 2.192 0.0078" axisangle="0 0 1 -0.098" material="wood" mass="0.1"/>
    <geom name="rubble_161" type="box" size="0.050 0.050 0.0245" pos="2.048 2.295 0.0245" axisangle="0 0 1 0.088" material="wood" mass="0.1"/>
    <geom name="rubble_162" type="box" size="0.050 0.050 0.0294" pos="2.066 2.384 0.0294" axisangle="0 0 1 0.182" material="wood" mass="0.1"/>
    <geom name="rubble_163" type="box" size="0.050 0.050 0.0314" pos="2.067 2.498 0.0314" axisangle="0 0 1 -0.112" material="wood" mass="0.1"/>
    <geom name="rubble_164" type="box" size="0.050 0.050 0.0093" pos="2.043 2.591 0.0093" axisangle="0 0 1 0.038" material="wood" mass="0.1"/>
    <geom name="rubble_165" type="box" size="0.050 0.050 0.0062" pos="2.051 2.691 0.0062" axisangle="0 0 1 -0.065" material="wood" mass="0.1"/>
    <geom name="rubble_166" type="box" size="0.050 0.050 0.0176" pos="2.152 1.303 0.0176" axisangle="0 0 1 -0.084" material="wood" mass="0.1"/>
    <geom name="rubble_167" type="box" size="0.050 0.050 0.0211" pos="2.152 1.417 0.0211" axisangle="0 0 1 0.198" material="wood" mass="0.1"/>
    <geom name="rubble_168" type="box" size="0.050 0.050 0.0196" pos="2.141 1.501 0.0196" axisangle="0 0 1 0.098" material="wood" mass="0.1"/>
    <geom name="rubble_169" type="box" size="0.050 0.050 0.0381" pos="2.148 1.617 0.0381" axisangle="0 0 1 0.070" material="wood" mass="0.1"/>
    <geom name="rubble_170" type="box" size="0.050 0.050 0.0198" pos="2.166 1.684 0.0198" axisangle="0 0 1 -0.187" material="wood" mass="0.1"/>
    <geom name="rubble_171" type="box" size="0.050 0.050 0.0460" pos="2.149 1.796 0.0460" axisangle="0 0 1 0.225" material="wood" mass="0.1"/>
    <geom name="rubble_172" type="box" size="0.050 0.050 0.0493" pos="2.139 1.880 0.0493" axisangle="0 0 1 -0.195" material="wood" mass="0.1"/>
    <geom name="rubble_173" type="box" size="0.050 0.050 0.0190" pos="2.142 2.010 0.0190" axisangle="0 0 1 -0.185" material="wood" mass="0.1"/>
    <geom name="rubble_174" type="box" size="0.050 0.050 0.0121" pos="2.141 2.100 0.0121" axisangle="0 0 1 0.091" material="wood" mass="0.1"/>
    <geom name="rubble_175" type="box" size="0.050 0.050 0.0388" pos="2.149 2.187 0.0388" axisangle="0 0 1 0.142" material="wood" mass="0.1"/>
    <geom name="rubble_176" type="box" size="0.050 0.050 0.0065" pos="2.156 2.303 0.0065" axisangle="0 0 1 0.122" material="wood" mass="0.1"/>
    <geom name="rubble_177" type="box" size="0.050 0.050 0.0220" pos="2.157 2.415 0.0220" axisangle="0 0 1 -0.053" material="wood" mass="0.1"/>
    <geom name="rubble_178" type="box" size="0.050 0.050 0.0394" pos="2.142 2.497 0.0394" axisangle="0 0 1 -0.126" material="wood" mass="0.1"/>
    <geom name="rubble_179" type="box" size="0.050 0.050 0.0121" pos="2.141 2.605 0.0121" axisangle="0 0 1 0.079" material="wood" mass="0.1"/>
    <geom name="rubble_180" type="box" size="0.050 0.050 0.0190" pos="2.152 2.683 0.0190" axisangle="0 0 1 0.026" material="wood" mass="0.1"/>
    <geom name="rubble_181" type="box" size="0.050 0.050 0.0187" pos="2.270 1.303 0.0187" axisangle="0 0 1 0.213" material="wood" mass="0.1"/>
    <geom name="rubble_182" type="box" size="0.050 0.050 0.0370" pos="2.263 1.393 0.0370" axisangle="0 0 1 0.124" material="wood" mass="0.1"/>
    <geom name="rubble_183" type="box" size="0.050 0.050 0.0129" pos="2.266 1.492 0.0129" axisangle="0 0 1 -0.038" material="wood" mass="0.1"/>
    <geom name="rubble_184" type="box" size="0.050 0.050 0.0175" pos="2.240 1.620 0.0175" axisangle="0 0 1 -0.130" material="wood" mass="0.1"/>
    <geom name="rubble_185" type="box" size="0.050 0.050 0.0489" pos="2.237 1.703 0.0489" axisangle="0 0 1 -0.218" material="wood" mass="0.1"/>
    <geom name="rubble_186" type="box" size="0.050 0.050 0.0350" pos="2.241 1.792 0.0350" axisangle="0 0 1 -0.075" material="wood" mass="0.1"/>
    <geom name="rubble_187" type="box" size="0.050 0.050 0.0095" pos="2.253 1.911 0.0095" axisangle="0 0 1 0.225" material="wood" mass="0.1"/>
    <geom name="rubble_188" type="box" size="0.050 0.050 0.0132" pos="2.256 1.981 0.0132" axisangle="0 0 1 0.241" material="wood" mass="0.1"/>
    <geom name="rubble_189" type="box" size="0.050 0.050 0.0430" pos="2.252 2.114 0.0430" axisangle="0 0 1 -0.211" material="wood" mass="0.1"/>
    <geom name="rubble_190" type="box" size="0.050 0.050 0.0169" pos="2.243 2.204 0.0169" axisangle="0 0 1 0.087" material="wood" mass="0.1"/>
    <geom name="rubble_191" type="box" size="0.050 0.050 0.0317" pos="2.260 2.295 0.0317" axisangle="0 0 1 -0.217" material="wood" mass="0.1"/>
    <geom name="rubble_192" type="box" size="0.050 0.050 0.0111" pos="2.240 2.416 0.0111" axisangle="0 0 1 -0.113" material="wood" mass="0.1"/>
    <geom name="rubble_193" type="box" size="0.050 0.050 0.0417" pos="2.255 2.511 0.0417" axisangle="0 0 1 -0.092" material="wood" mass="0.1"/>
    <geom name="rubble_194" type="box" size="0.050 0.050 0.0378" pos="2.262 2.599 0.0378" axisangle="0 0 1 -0.041" material="wood" mass="0.1"/>
    <geom name="rubble_195" type="box" size="0.050 0.050 0.0498" pos="2.262 2.710 0.0498" axisangle="0 0 1 0.037" material="wood" mass="0.1"/>
    <geom name="rubble_196" type="box" size="0.050 0.050 0.0269" pos="2.340 1.287 0.0269" axisangle="0 0 1 0.023" material="wood" mass="0.1"/>
    <geom name="rubble_197" type="box" size="0.050 0.050 0.0469" pos="2.354 1.411 0.0469" axisangle="0 0 1 0.086" material="wood" mass="0.1"/>
    <geom name="rubble_198" type="box" size="0.050 0.050 0.0421" pos="2.342 1.506 0.0421" axisangle="0 0 1 0.045" material="wood" mass="0.1"/>
    <geom name="rubble_199" type="box" size="0.050 0.050 0.0412" pos="2.365 1.591 0.0412" axisangle="0 0 1 -0.249" material="wood" mass="0.1"/>
    <geom name="rubble_200" type="box" size="0.050 0.050 0.0451" pos="2.333 1.709 0.0451" axisangle="0 0 1 0.124" material="wood" mass="0.1"/>
    <geom name="rubble_201" type="box" size="0.050 0.050 0.0148" pos="2.364 1.805 0.0148" axisangle="0 0 1 -0.020" material="wood" mass="0.1"/>
    <geom name="rubble_202" type="box" size="0.050 0.050 0.0088" pos="2.342 1.912 0.0088" axisangle="0 0 1 -0.192" material="wood" mass="0.1"/>
    <geom name="rubble_203" type="box" size="0.050 0.050 0.0467" pos="2.335 1.998 0.0467" axisangle="0 0 1 0.151" material="wood" mass="0.1"/>
    <geom name="rubble_204" type="box" size="0.050 0.050 0.0255" pos="2.352 2.099 0.0255" axisangle="0 0 1 0.059" material="wood" mass="0.1"/>
    <geom name="rubble_205" type="box" size="0.050 0.050 0.0323" pos="2.348 2.203 0.0323" axisangle="0 0 1 0.216" material="wood" mass="0.1"/>
    <geom name="rubble_206" type="box" size="0.050 0.050 0.0236" pos="2.341 2.310 0.0236" axisangle="0 0 1 0.236" material="wood" mass="0.1"/>
    <geom name="rubble_207" type="box" size="0.050 0.050 0.0373" pos="2.332 2.405 0.0373" axisangle="0 0 1 -0.084" material="wood" mass="0.1"/>
    <geom name="rubble_208" type="box" size="0.050 0.050 0.0110" pos="2.340 2.483 0.0110" axisangle="0 0 1 -0.211" material="wood" mass="0.1"/>
    <geom name="rubble_209" type="box" size="0.050 0.050 0.0498" pos="2.367 2.598 0.0498" axisangle="0 0 1 0.132" material="wood" mass="0.1"/>
    <geom name="rubble_210" type="box" size="0.050 0.050 0.0065" pos="2.357 2.701 0.0065" axisangle="0 0 1 0.112" material="wood" mass="0.1"/>
    <geom name="rubble_211" type="box" size="0.050 0.050 0.0188" pos="2.456 1.313 0.0188" axisangle="0 0 1 -0.112" material="wood" mass="0.1"/>
    <geom name="rubble_212" type="box" size="0.050 0.050 0.0361" pos="2.451 1.413 0.0361" axisangle="0 0 1 0.023" material="wood" mass="0.1"/>
    <geom name="rubble_213" type="box" size="0.050 0.050 0.0418" pos="2.451 1.486 0.0418" axisangle="0 0 1 -0.027" material="wood" mass="0.1"/>
    <geom name="rubble_214" type="box" size="0.050 0.050 0.0121" pos="2.447 1.616 0.0121" axisangle="0 0 1 -0.198" material="wood" mass="0.1"/>
    <geom name="rubble_215" type="box" size="0.050 0.050 0.0217" pos="2.441 1.685 0.0217" axisangle="0 0 1 0.050" material="wood" mass="0.1"/>
    <geom name="rubble_216" type="box" size="0.050 0.050 0.0417" pos="2.465 1.797 0.0417" axisangle="0 0 1 0.245" material="wood" mass="0.1"/>
    <geom name="rubble_217" type="box" size="0.050 0.050 0.0163" pos="2.466 1.908 0.0163" axisangle="0 0 1 -0.160" material="wood" mass="0.1"/>
    <geom name="rubble_218" type="box" size="0.050 0.050 0.0413" pos="2.445 1.990 0.0413" axisangle="0 0 1 -0.178" material="wood" mass="0.1"/>
    <geom name="rubble_219" type="box" size="0.050 0.050 0.0189" pos="2.448 2.120 0.0189" axisangle="0 0 1 -0.248" material="wood" mass="0.1"/>
    <geom name="rubble_220" type="box" size="0.050 0.050 0.0474" pos="2.439 2.204 0.0474" axisangle="0 0 1 -0.055" material="wood" mass="0.1"/>
    <geom name="rubble_221" type="box" size="0.050 0.050 0.0039" pos="2.466 2.286 0.0039" axisangle="0 0 1 0.088" material="wood" mass="0.1"/>
    <geom name="rubble_222" type="box" size="0.050 0.050 0.0374" pos="2.434 2.407 0.0374" axisangle="0 0 1 -0.089" material="wood" mass="0.1"/>
    <geom name="rubble_223" type="box" size="0.050 0.050 0.0370" pos="2.443 2.508 0.0370" axisangle="0 0 1 0.168" material="wood" mass="0.1"/>
    <geom name="rubble_224" type="box" size="0.050 0.050 0.0086" pos="2.461 2.589 0.0086" axisangle="0 0 1 0.255" material="wood" mass="0.1"/>
    <geom name="rubble_225" type="box" size="0.050 0.050 0.0131" pos="2.463 2.696 0.0131" axisangle="0 0 1 0.026" material="wood" mass="0.1"/>
    <geom name="rubble_226" type="box" size="0.050 0.050 0.0302" pos="2.547 1.300 0.0302" axisangle="0 0 1 0.229" material="wood" mass="0.1"/>
    <geom name="rubble_227" type="box" size="0.050 0.050 0.0143" pos="2.548 1.382 0.0143" axisangle="0 0 1 -0.192" material="wood" mass="0.1"/>
    <geom name="rubble_228" type="box" size="0.050 0.050 0.0306" pos="2.549 1.492 0.0306" axisangle="0 0 1 -0.192" material="wood" mass="0.1"/>
    <geom name="rubble_229" type="box" size="0.050 0.050 0.0305" pos="2.548 1.584 0.0305" axisangle="0 0 1 -0.232" material="wood" mass="0.1"/>
    <geom name="rubble_230" type="box" size="0.050 0.050 0.0372" pos="2.558 1.704 0.0372" axisangle="0 0 1 -0.173" material="wood" mass="0.1"/>
    <geom name="rubble_231" type="box" size="0.050 0.050 0.0197" pos="2.562 1.805 0.0197" axisangle="0 0 1 -0.107" material="wood" mass="0.1"/>
    <geom name="rubble_232" type="box" size="0.050 0.050 0.0290" pos="2.545 1.901 0.0290" axisangle="0 0 1 -0.088" material="wood" mass="0.1"/>
    <geom name="rubble_233" type="box" size="0.050 0.050 0.0274" pos="2.532 2.017 0.0274" axisangle="0 0 1 0.190" material="wood" mass="0.1"/>
    <geom name="rubble_234" type="box" size="0.050 0.050 0.0464" pos="2.554 2.108 0.0464" axisangle="0 0 1 0.134" material="wood" mass="0.1"/>
    <geom name="rubble_235" type="box" size="0.050 0.050 0.0425" pos="2.541 2.187 0.0425" axisangle="0 0 1 -0.002" material="wood" mass="0.1"/>
    <geom name="rubble_236" type="box" size="0.050 0.050 0.0480" pos="2.532 2.317 0.0480" axisangle="0 0 1 0.242" material="wood" mass="0.1"/>
    <geom name="rubble_237" type="box" size="0.050 0.050 0.0068" pos="2.537 2.413 0.0068" axisangle="0 0 1 -0.118" material="wood" mass="0.1"/>
    <geom name="rubble_238" type="box" size="0.050 0.050 0.0486" pos="2.570 2.483 0.0486" axisangle="0 0 1 -0.058" material="wood" mass="0.1"/>
    <geom name="rubble_239" type="box" size="0.050 0.050 0.0077" pos="2.561 2.616 0.0077" axisangle="0 0 1 0.013" material="wood" mass="0.1"/>
    <geom name="rubble_240" type="box" size="0.050 0.050 0.0380" pos="2.541 2.684 0.0380" axisangle="0 0 1 0.160" material="wood" mass="0.1"/>
    <geom name="rubble_241" type="box" size="0.050 0.050 0.0422" pos="2.648 1.297 0.0422" axisangle="0 0 1 0.099" material="wood" mass="0.1"/>
    <geom name="rubble_242" type="box" size="0.050 0.050 0.0392" pos="2.655 1.395 0.0392" axisangle="0 0 1 -0.139" material="wood" mass="0.1"/>
    <geom name="rubble_243" type="box" size="0.050 0.050 0.0495" pos="2.665 1.487 0.0495" axisangle="0 0 1 0.250" material="wood" mass="0.1"/>
    <geom name="rubble_244" type="box" size="0.050 0.050 0.0417" pos="2.666 1.617 0.0417" axisangle="0 0 1 -0.039" material="wood" mass="0.1"/>
    <geom name="rubble_245" type="box" size="0.050 0.050 0.0440" pos="2.634 1.704 0.0440" axisangle="0 0 1 -0.155" material="wood" mass="0.1"/>
    <geom name="rubble_246" type="box" size="0.050 0.050 0.0211" pos="2.633 1.817 0.0211" axisangle="0 0 1 -0.246" material="wood" mass="0.1"/>
    <geom name="rubble_247" type="box" size="0.050 0.050 0.0052" pos="2.654 1.909 0.0052" axisangle="0 0 1 0.081" material="wood" mass="0.1"/>
    <geom name="rubble_248" type="box" size="0.050 0.050 0.0465" pos="2.634 1.986 0.0465" axisangle="0 0 1 0.123" material="wood" mass="0.1"/>
    <geom name="rubble_249" type="box" size="0.050 0.050 0.0117" pos="2.636 2.081 0.0117" axisangle="0 0 1 0.094" material="wood" mass="0.1"/>
    <geom name="rubble_250" type="box" size="0.050 0.050 0.0215" pos="2.646 2.189 0.0215" axisangle="0 0 1 -0.158" material="wood" mass="0.1"/>
    <geom name="rubble_251" type="box" size="0.050 0.050 0.0162" pos="2.640 2.316 0.0162" axisangle="0 0 1 -0.184" material="wood" mass="0.1"/>
    <geom name="rubble_252" type="box" size="0.050 0.050 0.0055" pos="2.647 2.404 0.0055" axisangle="0 0 1 -0.048" material="wood" mass="0.1"/>
    <geom name="rubble_253" type="box" size="0.050 0.050 0.0352" pos="2.646 2.511 0.0352" axisangle="0 0 1 -0.054" material="wood" mass="0.1"/>
    <geom name="rubble_254" type="box" size="0.050 0.050 0.0245" pos="2.649 2.616 0.0245" axisangle="0 0 1 -0.210" material="wood" mass="0.1"/>
    <geom name="rubble_255" type="box" size="0.050 0.050 0.0459" pos="2.650 2.681 0.0459" axisangle="0 0 1 -0.107" material="wood" mass="0.1"/>
    <geom name="rubble_256" type="box" size="0.050 0.050 0.0163" pos="2.752 1.293 0.0163" axisangle="0 0 1 -0.077" material="wood" mass="0.1"/>
    <geom name="rubble_257" type="box" size="0.050 0.050 0.0281" pos="2.741 1.405 0.0281" axisangle="0 0 1 -0.036" material="wood" mass="0.1"/>
    <geom name="rubble_258" type="box" size="0.050 0.050 0.0067" pos="2.731 1.485 0.0067" axisangle="0 0 1 0.009" material="wood" mass="0.1"/>
    <geom name="rubble_259" type="box" size="0.050 0.050 0.0341" pos="2.748 1.608 0.0341" axisangle="0 0 1 -0.048" material="wood" mass="0.1"/>
    <geom name="rubble_260" type="box" size="0.050 0.050 0.0211" pos="2.759 1.709 0.0211" axisangle="0 0 1 0.051" material="wood" mass="0.1"/>
    <geom name="rubble_261" type="box" size="0.050 0.050 0.0242" pos="2.767 1.801 0.0242" axisangle="0 0 1 -0.016" material="wood" mass="0.1"/>
    <geom name="rubble_262" type="box" size="0.050 0.050 0.0093" pos="2.745 1.905 0.0093" axisangle="0 0 1 0.014" material="wood" mass="0.1"/>
    <geom name="rubble_263" type="box" size="0.050 0.050 0.0237" pos="2.755 1.997 0.0237" axisangle="0 0 1 -0.256" material="wood" mass="0.1"/>
    <geom name="rubble_264" type="box" size="0.050 0.050 0.0240" pos="2.764 2.105 0.0240" axisangle="0 0 1 -0.104" material="wood" mass="0.1"/>
    <geom name="rubble_265" type="box" size="0.050 0.050 0.0377" pos="2.768 2.217 0.0377" axisangle="0 0 1 0.236" material="wood" mass="0.1"/>
    <geom name="rubble_266" type="box" size="0.050 0.050 0.0198" pos="2.751 2.281 0.0198" axisangle="0 0 1 0.081" material="wood" mass="0.1"/>
    <geom name="rubble_267" type="box" size="0.050 0.050 0.0054" pos="2.734 2.385 0.0054" axisangle="0 0 1 0.094" material="wood" mass="0.1"/>
    <geom name="rubble_268" type="box" size="0.050 0.050 0.0141" pos="2.764 2.505 0.0141" axisangle="0 0 1 -0.114" material="wood" mass="0.1"/>
    <geom name="rubble_269" type="box" size="0.050 0.050 0.0121" pos="2.753 2.602 0.0121" axisangle="0 0 1 -0.101" material="wood" mass="0.1"/>
    <geom name="rubble_270" type="box" size="0.050 0.050 0.0080" pos="2.734 2.682 0.0080" axisangle="0 0 1 -0.162" material="wood" mass="0.1"/>
    <geom name="rubble_271" type="box" size="0.050 0.050 0.0410" pos="2.859 1.299 0.0410" axisangle="0 0 1 -0.085" material="wood" mass="0.1"/>
    <geom name="rubble_272" type="box" size="0.050 0.050 0.0122" pos="2.863 1.391 0.0122" axisangle="0 0 1 -0.224" material="wood" mass="0.1"/>
    <geom name="rubble_273" type="box" size="0.050 0.050 0.0069" pos="2.838 1.512 0.0069" axisangle="0 0 1 0.244" material="wood" mass="0.1"/>
    <geom name="rubble_274" type="box" size="0.050 0.050 0.0422" pos="2.839 1.597 0.0422" axisangle="0 0 1 -0.196" material="wood" mass="0.1"/>
    <geom name="rubble_275" type="box" size="0.050 0.050 0.0129" pos="2.849 1.719 0.0129" axisangle="0 0 1 0.091" material="wood" mass="0.1"/>
    <geom name="rubble_276" type="box" size="0.050 0.050 0.0193" pos="2.856 1.803 0.0193" axisangle="0 0 1 -0.206" material="wood" mass="0.1"/>
    <geom name="rubble_277" type="box" size="0.050 0.050 0.0067" pos="2.861 1.883 0.0067" axisangle="0 0 1 -0.019" material="wood" mass="0.1"/>
    <geom name="rubble_278" type="box" size="0.050 0.050 0.0481" pos="2.838 1.997 0.0481" axisangle="0 0 1 -0.098" material="wood" mass="0.1"/>
    <geom name="rubble_279" type="box" size="0.050 0.050 0.0102" pos="2.866 2.100 0.0102" axisangle="0 0 1 0.036" material="wood" mass="0.1"/>
    <geom name="rubble_280" type="box" size="0.050 0.050 0.0296" pos="2.859 2.211 0.0296" axisangle="0 0 1 -0.199" material="wood" mass="0.1"/>
    <geom name="rubble_281" type="box" size="0.050 0.050 0.0144" pos="2.843 2.285 0.0144" axisangle="0 0 1 -0.209" material="wood" mass="0.1"/>
    <geom name="rubble_282" type="box" size="0.050 0.050 0.0157" pos="2.869 2.415 0.0157" axisangle="0 0 1 -0.049" material="wood" mass="0.1"/>
    <geom name="rubble_283" type="box" size="0.050 0.050 0.0228" pos="2.847 2.493 0.0228" axisangle="0 0 1 -0.217" material="wood" mass="0.1"/>
    <geom name="rubble_284" type="box" size="0.050 0.050 0.0078" pos="2.866 2.609 0.0078" axisangle="0 0 1 -0.036" material="wood" mass="0.1"/>
    <geom name="rubble_285" type="box" size="0.050 0.050 0.0202" pos="2.853 2.686 0.0202" axisangle="0 0 1 -0.134" material="wood" mass="0.1"/>
    <geom name="rubble_286" type="box" size="0.050 0.050 0.0368" pos="2.958 1.302 0.0368" axisangle="0 0 1 -0.234" material="wood" mass="0.1"/>
    <geom name="rubble_287" type="box" size="0.050 0.050 0.0388" pos="2.942 1.404 0.0388" axisangle="0 0 1 0.032" material="wood" mass="0.1"/>
    <geom name="rubble_288" type="box" size="0.050 0.050 0.0164" pos="2.970 1.489 0.0164" axisangle="0 0 1 -0.251" material="wood" mass="0.1"/>
    <geom name="rubble_289" type="box" size="0.050 0.050 0.0463" pos="2.962 1.583 0.0463" axisangle="0 0 1 -0.192" material="wood" mass="0.1"/>
    <geom name="rubble_290" type="box" size="0.050 0.050 0.0089" pos="2.962 1.683 0.0089" axisangle="0 0 1 -0.102" material="wood" mass="0.1"/>
    <geom name="rubble_291" type="box" size="0.050 0.050 0.0181" pos="2.932 1.815 0.0181" axisangle="0 0 1 -0.141" material="wood" mass="0.1"/>
    <geom name="rubble_292" type="box" size="0.050 0.050 0.0040" pos="2.945 1.906 0.0040" axisangle="0 0 1 -0.211" material="wood" mass="0.1"/>
    <geom name="rubble_293" type="box" size="0.050 0.050 0.0145" pos="2.936 2.009 0.0145" axisangle="0 0 1 -0.258" material="wood" mass="0.1"/>
    <geom name="rubble_294" type="box" size="0.050 0.050 0.0207" pos="2.958 2.104 0.0207" axisangle="0 0 1 -0.066" material="wood" mass="0.1"/>
    <geom name="rubble_295" type="box" size="0.050 0.050 0.0353" pos="2.969 2.194 0.0353" axisangle="0 0 1 -0.239" material="wood" mass="0.1"/>
    <geom name="rubble_296" type="box" size="0.050 0.050 0.0291" pos="2.955 2.295 0.0291" axisangle="0 0 1 -0.128" material="wood" mass="0.1"/>
    <geom name="rubble_297" type="box" size="0.050 0.050 0.0104" pos="2.966 2.416 0.0104" axisangle="0 0 1 -0.258" material="wood" mass="0.1"/>
    <geom name="rubble_298" type="box" size="0.050 0.050 0.0382" pos="2.934 2.514 0.0382" axisangle="0 0 1 0.037" material="wood" mass="0.1"/>
    <geom name="rubble_299" type="box" size="0.050 0.050 0.0062" pos="2.938 2.594 0.0062" axisangle="0 0 1 0.205" material="wood" mass="0.1"/>
    <geom name="rubble_300" type="box" size="0.050 0.050 0.0473" pos="2.960 2.694 0.0473" axisangle="0 0 1 0.187" material="wood" mass="0.1"/>
    <geom name="rubble_301" type="box" size="0.050 0.050 0.0465" pos="3.056 1.312 0.0465" axisangle="0 0 1 0.245" material="wood" mass="0.1"/>
    <geom name="rubble_302" type="box" size="0.050 0.050 0.0045" pos="3.038 1.402 0.0045" axisangle="0 0 1 -0.164" material="wood" mass="0.1"/>
    <geom name="rubble_303" type="box" size="0.050 0.050 0.0404" pos="3.041 1.481 0.0404" axisangle="0 0 1 -0.106" material="wood" mass="0.1"/>
    <geom name="rubble_304" type="box" size="0.050 0.050 0.0135" pos="3.037 1.606 0.0135" axisangle="0 0 1 -0.174" material="wood" mass="0.1"/>
    <geom name="rubble_305" type="box" size="0.050 0.050 0.0198" pos="3.059 1.706 0.0198" axisangle="0 0 1 0.236" material="wood" mass="0.1"/>
    <geom name="rubble_306" type="box" size="0.050 0.050 0.0277" pos="3.038 1.787 0.0277" axisangle="0 0 1 -0.060" material="wood" mass="0.1"/>
    <geom name="rubble_307" type="box" size="0.050 0.050 0.0394" pos="3.036 1.919 0.0394" axisangle="0 0 1 -0.080" material="wood" mass="0.1"/>
    <geom name="rubble_308" type="box" size="0.050 0.050 0.0312" pos="3.035 2.009 0.0312" axisangle="0 0 1 -0.027" material="wood" mass="0.1"/>
    <geom name="rubble_309" type="box" size="0.050 0.050 0.0410" pos="3.062 2.083 0.0410" axisangle="0 0 1 -0.254" material="wood" mass="0.1"/>
    <geom name="rubble_310" type="box" size="0.050 0.050 0.0143" pos="3.066 2.214 0.0143" axisangle="0 0 1 -0.148" material="wood" mass="0.1"/>
    <geom name="rubble_311" type="box" size="0.050 0.050 0.0412" pos="3.035 2.309 0.0412" axisangle="0 0 1 -0.033" material="wood" mass="0.1"/>
    <geom name="rubble_312" type="box" size="0.050 0.050 0.0058" pos="3.054 2.408 0.0058" axisangle="0 0 1 -0.118" material="wood" mass="0.1"/>
    <geom name="rubble_313" type="box" size="0.050 0.050 0.0425" pos="3.046 2.493 0.0425" axisangle="0 0 1 -0.100" material="wood" mass="0.1"/>
    <geom name="rubble_314" type="box" size="0.050 0.050 0.0090" pos="3.045 2.581 0.0090" axisangle="0 0 1 -0.046" material="wood" mass="0.1"/>
    <geom name="rubble_315" type="box" size="0.050 0.050 0.0438" pos="3.034 2.692 0.0438" axisangle="0 0 1 -0.191" material="wood" mass="0.1"/>
    <geom name="rubble_316" type="box" size="0.050 0.050 0.0412" pos="3.165 1.318 0.0412" axisangle="0 0 1 0.243" material="wood" mass="0.1"/>
    <geom name="rubble_317" type="box" size="0.050 0.050 0.0376" pos="3.133 1.406 0.0376" axisangle="0 0 1 0.159" material="wood" mass="0.1"/>
    <geom name="rubble_318" type="box" size="0.050 0.050 0.0100" pos="3.170 1.520 0.0100" axisangle="0 0 1 0.062" material="wood" mass="0.1"/>
    <geom name="rubble_319" type="box" size="0.050 0.050 0.0341" pos="3.165 1.606 0.0341" axisangle="0 0 1 -0.097" material="wood" mass="0.1"/>
    <geom name="rubble_320" type="box" size="0.050 0.050 0.0147" pos="3.155 1.686 0.0147" axisangle="0 0 1 0.025" material="wood" mass="0.1"/>
    <geom name="rubble_321" type="box" size="0.050 0.050 0.0097" pos="3.139 1.805 0.0097" axisangle="0 0 1 0.144" material="wood" mass="0.1"/>
    <geom name="rubble_322" type="box" size="0.050 0.050 0.0072" pos="3.161 1.886 0.0072" axisangle="0 0 1 0.127" material="wood" mass="0.1"/>
    <geom name="rubble_323" type="box" size="0.050 0.050 0.0221" pos="3.146 1.986 0.0221" axisangle="0 0 1 0.042" material="wood" mass="0.1"/>
    <geom name="rubble_324" type="box" size="0.050 0.050 0.0059" pos="3.132 2.104 0.0059" axisangle="0 0 1 -0.032" material="wood" mass="0.1"/>
    <geom name="rubble_325" type="box" size="0.050 0.050 0.0190" pos="3.145 2.203 0.0190" axisangle="0 0 1 -0.181" material="wood" mass="0.1"/>
    <geom name="rubble_326" type="box" size="0.050 0.050 0.0147" pos="3.130 2.311 0.0147" axisangle="0 0 1 -0.091" material="wood" mass="0.1"/>
    <geom name="rubble_327" type="box" size="0.050 0.050 0.0468" pos="3.136 2.417 0.0468" axisangle="0 0 1 -0.238" material="wood" mass="0.1"/>
    <geom name="rubble_328" type="box" size="0.050 0.050 0.0161" pos="3.170 2.501 0.0161" axisangle="0 0 1 -0.142" material="wood" mass="0.1"/>
    <geom name="rubble_329" type="box" size="0.050 0.050 0.0130" pos="3.149 2.581 0.0130" axisangle="0 0 1 -0.086" material="wood" mass="0.1"/>
    <geom name="rubble_330" type="box" size="0.050 0.050 0.0260" pos="3.146 2.704 0.0260" axisangle="0 0 1 -0.071" material="wood" mass="0.1"/>
    <geom name="rubble_331" type="box" size="0.050 0.050 0.0445" pos="3.267 1.314 0.0445" axisangle="0 0 1 0.025" material="wood" mass="0.1"/>
    <geom name="rubble_332" type="box" size="0.050 0.050 0.0349" pos="3.267 1.406 0.0349" axisangle="0 0 1 -0.118" material="wood" mass="0.1"/>
    <geom name="rubble_333" type="box" size="0.050 0.050 0.0169" pos="3.250 1.488 0.0169" axisangle="0 0 1 0.013" material="wood" mass="0.1"/>
    <geom name="rubble_334" type="box" size="0.050 0.050 0.0076" pos="3.269 1.605 0.0076" axisangle="0 0 1 -0.122" material="wood" mass="0.1"/>
    <geom name="rubble_335" type="box" size="0.050 0.050 0.0052" pos="3.242 1.697 0.0052" axisangle="0 0 1 -0.204" material="wood" mass="0.1"/>
    <geom name="rubble_336" type="box" size="0.050 0.050 0.0285" pos="3.243 1.796 0.0285" axisangle="0 0 1 -0.042" material="wood" mass="0.1"/>
    <geom name="rubble_337" type="box" size="0.050 0.050 0.0068" pos="3.268 1.887 0.0068" axisangle="0 0 1 0.043" material="wood" mass="0.1"/>
    <geom name="rubble_338" type="box" size="0.050 0.050 0.0413" pos="3.231 2.002 0.0413" axisangle="0 0 1 -0.189" material="wood" mass="0.1"/>
    <geom name="rubble_339" type="box" size="0.050 0.050 0.0111" pos="3.241 2.118 0.0111" axisangle="0 0 1 0.148" material="wood" mass="0.1"/>
    <geom name="rubble_340" type="box" size="0.050 0.050 0.0285" pos="3.241 2.217 0.0285" axisangle="0 0 1 0.195" material="wood" mass="0.1"/>
    <geom name="rubble_341" type="box" size="0.050 0.050 0.0138" pos="3.268 2.289 0.0138" axisangle="0 0 1 0.217" material="wood" mass="0.1"/>
    <geom name="rubble_342" type="box" size="0.050 0.050 0.0025" pos="3.250 2.389 0.0025" axisangle="0 0 1 -0.123" material="wood" mass="0.1"/>
    <geom name="rubble_343" type="box" size="0.050 0.050 0.0189" pos="3.258 2.484 0.0189" axisangle="0 0 1 0.157" material="wood" mass="0.1"/>
    <geom name="rubble_344" type="box" size="0.050 0.050 0.0123" pos="3.256 2.586 0.0123" axisangle="0 0 1 -0.214" material="wood" mass="0.1"/>
    <geom name="rubble_345" type="box" size="0.050 0.050 0.0331" pos="3.270 2.714 0.0331" axisangle="0 0 1 0.108" material="wood" mass="0.1"/>
    <geom name="rubble_346" type="box" size="0.050 0.050 0.0319" pos="3.336 1.286 0.0319" axisangle="0 0 1 -0.010" material="wood" mass="0.1"/>
    <geom name="rubble_347" type="box" size="0.050 0.050 0.0172" pos="3.343 1.418 0.0172" axisangle="0 0 1 0.132" material="wood" mass="0.1"/>
    <geom name="rubble_348" type="box" size="0.050 0.050 0.0216" pos="3.360 1.486 0.0216" axisangle="0 0 1 -0.094" material="wood" mass="0.1"/>
    <geom name="rubble_349" type="box" size="0.050 0.050 0.0052" pos="3.349 1.616 0.0052" axisangle="0 0 1 0.173" material="wood" mass="0.1"/>
    <geom name="rubble_350" type="box" size="0.050 0.050 0.0258" pos="3.348 1.714 0.0258" axisangle="0 0 1 0.185" material="wood" mass="0.1"/>
    <geom name="rubble_351" type="box" size="0.050 0.050 0.0299" pos="3.349 1.815 0.0299" axisangle="0 0 1 -0.185" material="wood" mass="0.1"/>
    <geom name="rubble_352" type="box" size="0.050 0.050 0.0464" pos="3.331 1.892 0.0464" axisangle="0 0 1 0.074" material="wood" mass="0.1"/>
    <geom name="rubble_353" type="box" size="0.050 0.050 0.0330" pos="3.359 1.988 0.0330" axisangle="0 0 1 0.198" material="wood" mass="0.1"/>
    <geom name="rubble_354" type="box" size="0.050 0.050 0.0169" pos="3.346 2.118 0.0169" axisangle="0 0 1 -0.130" material="wood" mass="0.1"/>
    <geom name="rubble_355" type="box" size="0.050 0.050 0.0173" pos="3.366 2.181 0.0173" axisangle="0 0 1 -0.167" material="wood" mass="0.1"/>
    <geom name="rubble_356" type="box" size="0.050 0.050 0.0228" pos="3.352 2.285 0.0228" axisangle="0 0 1 -0.192" material="wood" mass="0.1"/>
    <geom name="rubble_357" type="box" size="0.050 0.050 0.0342" pos="3.339 2.406 0.0342" axisangle="0 0 1 -0.228" material="wood" mass="0.1"/>
    <geom name="rubble_358" type="box" size="0.050 0.050 0.0195" pos="3.340 2.517 0.0195" axisangle="0 0 1 0.072" material="wood" mass="0.1"/>
    <geom name="rubble_359" type="box" size="0.050 0.050 0.0476" pos="3.337 2.586 0.0476" axisangle="0 0 1 -0.119" material="wood" mass="0.1"/>
    <geom name="rubble_360" type="box" size="0.050 0.050 0.0332" pos="3.333 2.696 0.0332" axisangle="0 0 1 -0.243" material="wood" mass="0.1"/>
    <geom name="rubble_361" type="box" size="0.050 0.050 0.0475" pos="3.470 1.314 0.0475" axisangle="0 0 1 -0.153" material="wood" mass="0.1"/>
    <geom name="rubble_362" type="box" size="0.050 0.050 0.0026" pos="3.445 1.418 0.0026" axisangle="0 0 1 -0.229" material="wood" mass="0.1"/>
    <geom name="rubble_363" type="box" size="0.050 0.050 0.0253" pos="3.464 1.516 0.0253" axisangle="0 0 1 -0.046" material="wood" mass="0.1"/>
    <geom name="rubble_364" type="box" size="0.050 0.050 0.0165" pos="3.455 1.611 0.0165" axisangle="0 0 1 0.195" material="wood" mass="0.1"/>
    <geom name="rubble_365" type="box" size="0.050 0.050 0.0105" pos="3.460 1.716 0.0105" axisangle="0 0 1 -0.209" material="wood" mass="0.1"/>
    <geom name="rubble_366" type="box" size="0.050 0.050 0.0485" pos="3.434 1.810 0.0485" axisangle="0 0 1 0.091" material="wood" mass="0.1"/>
    <geom name="rubble_367" type="box" size="0.050 0.050 0.0383" pos="3.437 1.885 0.0383" axisangle="0 0 1 -0.043" material="wood" mass="0.1"/>
    <geom name="rubble_368" type="box" size="0.050 0.050 0.0188" pos="3.460 2.009 0.0188" axisangle="0 0 1 -0.184" material="wood" mass="0.1"/>
    <geom name="rubble_369" type="box" size="0.050 0.050 0.0359" pos="3.433 2.098 0.0359" axisangle="0 0 1 0.113" material="wood" mass="0.1"/>
    <geom name="rubble_370" type="box" size="0.050 0.050 0.0232" pos="3.469 2.213 0.0232" axisangle="0 0 1 -0.083" material="wood" mass="0.1"/>
    <geom name="rubble_371" type="box" size="0.050 0.050 0.0342" pos="3.443 2.293 0.0342" axisangle="0 0 1 0.217" material="wood" mass="0.1"/>
    <geom name="rubble_372" type="box" size="0.050 0.050 0.0177" pos="3.438 2.412 0.0177" axisangle="0 0 1 -0.052" material="wood" mass="0.1"/>
    <geom name="rubble_373" type="box" size="0.050 0.050 0.0105" pos="3.442 2.495 0.0105" axisangle="0 0 1 -0.078" material="wood" mass="0.1"/>
    <geom name="rubble_374" type="box" size="0.050 0.050 0.0312" pos="3.456 2.592 0.0312" axisangle="0 0 1 0.207" material="wood" mass="0.1"/>
    <geom name="rubble_375" type="box" size="0.050 0.050 0.0084" pos="3.462 2.700 0.0084" axisangle="0 0 1 -0.136" material="wood" mass="0.1"/>
    <geom name="rubble_376" type="box" size="0.050 0.050 0.0342" pos="3.544 1.308 0.0342" axisangle="0 0 1 0.220" material="wood" mass="0.1"/>
    <geom name="rubble_377" type="box" size="0.050 0.050 0.0280" pos="3.567 1.401 0.0280" axisangle="0 0 1 0.101" material="wood" mass="0.1"/>
    <geom name="rubble_378" type="box" size="0.050 0.050 0.0255" pos="3.569 1.491 0.0255" axisangle="0 0 1 -0.064" material="wood" mass="0.1"/>
    <geom name="rubble_379" type="box" size="0.050 0.050 0.0265" pos="3.565 1.618 0.0265" axisangle="0 0 1 0.171" material="wood" mass="0.1"/>
    <geom name="rubble_380" type="box" size="0.050 0.050 0.0282" pos="3.543 1.704 0.0282" axisangle="0 0 1 0.105" material="wood" mass="0.1"/>
    <geom name="rubble_381" type="box" size="0.050 0.050 0.0483" pos="3.537 1.782 0.0483" axisangle="0 0 1 -0.084" material="wood" mass="0.1"/>
    <geom name="rubble_382" type="box" size="0.050 0.050 0.0331" pos="3.531 1.913 0.0331" axisangle="0 0 1 0.094" material="wood" mass="0.1"/>
    <geom name="rubble_383" type="box" size="0.050 0.050 0.0458" pos="3.560 1.988 0.0458" axisangle="0 0 1 -0.241" material="wood" mass="0.1"/>
    <geom name="rubble_384" type="box" size="0.050 0.050 0.0324" pos="3.544 2.095 0.0324" axisangle="0 0 1 0.172" material="wood" mass="0.1"/>
    <geom name="rubble_385" type="box" size="0.050 0.050 0.0358" pos="3.544 2.213 0.0358" axisangle="0 0 1 -0.194" material="wood" mass="0.1"/>
    <geom name="rubble_386" type="box" size="0.050 0.050 0.0301" pos="3.551 2.303 0.0301" axisangle="0 0 1 0.060" material="wood" mass="0.1"/>
    <geom name="rubble_387" type="box" size="0.050 0.050 0.0225" pos="3.565 2.393 0.0225" axisangle="0 0 1 0.013" material="wood" mass="0.1"/>
    <geom name="rubble_388" type="box" size="0.050 0.050 0.0344" pos="3.536 2.509 0.0344" axisangle="0 0 1 -0.023" material="wood" mass="0.1"/>
    <geom name="rubble_389" type="box" size="0.050 0.050 0.0158" pos="3.562 2.617 0.0158" axisangle="0 0 1 0.224" material="wood" mass="0.1"/>
    <geom name="rubble_390" type="box" size="0.050 0.050 0.0394" pos="3.552 2.703 0.0394" axisangle="0 0 1 0.028" material="wood" mass="0.1"/>
    <geom name="rubble_391" type="box" size="0.050 0.050 0.0166" pos="3.652 1.282 0.0166" axisangle="0 0 1 -0.174" material="wood" mass="0.1"/>
    <geom name="rubble_392" type="box" size="0.050 0.050 0.0270" pos="3.651 1.415 0.0270" axisangle="0 0 1 -0.174" material="wood" mass="0.1"/>
    <geom name="rubble_393" type="box" size="0.050 0.050 0.0374" pos="3.656 1.506 0.0374" axisangle="0 0 1 0.015" material="wood" mass="0.1"/>
    <geom name="rubble_394" type="box" size="0.050 0.050 0.0198" pos="3.670 1.599 0.0198" axisangle="0 0 1 0.240" material="wood" mass="0.1"/>
    <geom name="rubble_395" type="box" size="0.050 0.050 0.0167" pos="3.665 1.713 0.0167" axisangle="0 0 1 -0.165" material="wood" mass="0.1"/>
    <geom name="rubble_396" type="box" size="0.050 0.050 0.0423" pos="3.651 1.816 0.0423" axisangle="0 0 1 -0.008" material="wood" mass="0.1"/>
    <geom name="rubble_397" type="box" size="0.050 0.050 0.0052" pos="3.659 1.908 0.0052" axisangle="0 0 1 -0.126" material="wood" mass="0.1"/>
    <geom name="rubble_398" type="box" size="0.050 0.050 0.0496" pos="3.638 2.007 0.0496" axisangle="0 0 1 0.236" material="wood" mass="0.1"/>
    <geom name="rubble_399" type="box" size="0.050 0.050 0.0098" pos="3.637 2.105 0.0098" axisangle="0 0 1 -0.245" material="wood" mass="0.1"/>
    <geom name="rubble_400" type="box" size="0.050 0.050 0.0371" pos="3.658 2.195 0.0371" axisangle="0 0 1 -0.192" material="wood" mass="0.1"/>
    <geom name="rubble_401" type="box" size="0.050 0.050 0.0455" pos="3.662 2.291 0.0455" axisangle="0 0 1 0.165" material="wood" mass="0.1"/>
    <geom name="rubble_402" type="box" size="0.050 0.050 0.0298" pos="3.639 2.384 0.0298" axisangle="0 0 1 -0.016" material="wood" mass="0.1"/>
    <geom name="rubble_403" type="box" size="0.050 0.050 0.0365" pos="3.648 2.512 0.0365" axisangle="0 0 1 0.083" material="wood" mass="0.1"/>
    <geom name="rubble_404" type="box" size="0.050 0.050 0.0209" pos="3.631 2.583 0.0209" axisangle="0 0 1 0.067" material="wood" mass="0.1"/>
    <geom name="rubble_405" type="box" size="0.050 0.050 0.0478" pos="3.639 2.681 0.0478" axisangle="0 0 1 -0.029" material="wood" mass="0.1"/>
    <geom name="rubble_406" type="box" size="0.050 0.050 0.0362" pos="3.730 1.312 0.0362" axisangle="0 0 1 -0.175" material="wood" mass="0.1"/>
    <geom name="rubble_407" type="box" size="0.050 0.050 0.0081" pos="3.750 1.396 0.0081" axisangle="0 0 1 -0.105" material="wood" mass="0.1"/>
    <geom name="rubble_408" type="box" size="0.050 0.050 0.0396" pos="3.741 1.486 0.0396" axisangle="0 0 1 -0.167" material="wood" mass="0.1"/>
    <geom name="rubble_409" type="box" size="0.050 0.050 0.0481" pos="3.765 1.620 0.0481" axisangle="0 0 1 0.021" material="wood" mass="0.1"/>
    <geom name="rubble_410" type="box" size="0.050 0.050 0.0299" pos="3.747 1.702 0.0299" axisangle="0 0 1 0.196" material="wood" mass="0.1"/>
    <geom name="rubble_411" type="box" size="0.050 0.050 0.0107" pos="3.737 1.801 0.0107" axisangle="0 0 1 -0.061" material="wood" mass="0.1"/>
    <geom name="rubble_412" type="box" size="0.050 0.050 0.0061" pos="3.750 1.880 0.0061" axisangle="0 0 1 -0.254" material="wood" mass="0.1"/>
    <geom name="rubble_413" type="box" size="0.050 0.050 0.0154" pos="3.752 2.011 0.0154" axisangle="0 0 1 0.213" material="wood" mass="0.1"/>
    <geom name="rubble_414" type="box" size="0.050 0.050 0.0445" pos="3.763 2.090 0.0445" axisangle="0 0 1 -0.113" material="wood" mass="0.1"/>
    <geom name="rubble_415" type="box" size="0.050 0.050 0.0137" pos="3.748 2.211 0.0137" axisangle="0 0 1 0.073" material="wood" mass="0.1"/>
    <geom name="rubble_416" type="box" size="0.050 0.050 0.0494" pos="3.750 2.303 0.0494" axisangle="0 0 1 0.168" material="wood" mass="0.1"/>
    <geom name="rubble_417" type="box" size="0.050 0.050 0.0189" pos="3.769 2.402 0.0189" axisangle="0 0 1 -0.028" material="wood" mass="0.1"/>
    <geom name="rubble_418" type="box" size="0.050 0.050 0.0388" pos="3.746 2.483 0.0388" axisangle="0 0 1 -0.148" material="wood" mass="0.1"/>
    <geom name="rubble_419" type="box" size="0.050 0.050 0.0064" pos="3.750 2.617 0.0064" axisangle="0 0 1 0.075" material="wood" mass="0.1"/>
    <geom name="rubble_420" type="box" size="0.050 0.050 0.0081" pos="3.752 2.717 0.0081" axisangle="0 0 1 0.216" material="wood" mass="0.1"/>
    <geom name="rubble_421" type="box" size="0.050 0.050 0.0449" pos="3.850 1.294 0.0449" axisangle="0 0 1 -0.154" material="wood" mass="0.1"/>
    <geom name="rubble_422" type="box" size="0.050 0.050 0.0390" pos="3.846 1.415 0.0390" axisangle="0 0 1 0.067" material="wood" mass="0.1"/>
    <geom name="rubble_423" type="box" size="0.050 0.050 0.0433" pos="3.851 1.497 0.0433" axisangle="0 0 1 0.079" material="wood" mass="0.1"/>
    <geom name="rubble_424" type="box" size="0.050 0.050 0.0322" pos="3.852 1.588 0.0322" axisangle="0 0 1 -0.170" material="wood" mass="0.1"/>
    <geom name="rubble_425" type="box" size="0.050 0.050 0.0090" pos="3.833 1.714 0.0090" axisangle="0 0 1 0.157" material="wood" mass="0.1"/>
    <geom name="rubble_426" type="box" size="0.050 0.050 0.0103" pos="3.846 1.792 0.0103" axisangle="0 0 1 -0.124" material="wood" mass="0.1"/>
    <geom name="rubble_427" type="box" size="0.050 0.050 0.0480" pos="3.858 1.897 0.0480" axisangle="0 0 1 0.153" material="wood" mass="0.1"/>
    <geom name="rubble_428" type="box" size="0.050 0.050 0.0116" pos="3.852 2.008 0.0116" axisangle="0 0 1 0.174" material="wood" mass="0.1"/>
    <geom name="rubble_429" type="box" size="0.050 0.050 0.0260" pos="3.863 2.099 0.0260" axisangle="0 0 1 0.147" material="wood" mass="0.1"/>
    <geom name="rubble_430" type="box" size="0.050 0.050 0.0496" pos="3.859 2.189 0.0496" axisangle="0 0 1 -0.179" material="wood" mass="0.1"/>
    <geom name="rubble_431" type="box" size="0.050 0.050 0.0420" pos="3.837 2.320 0.0420" axisangle="0 0 1 0.023" material="wood" mass="0.1"/>
    <geom name="rubble_432" type="box" size="0.050 0.050 0.0278" pos="3.833 2.401 0.0278" axisangle="0 0 1 0.250" material="wood" mass="0.1"/>
    <geom name="rubble_433" type="box" size="0.050 0.050 0.0134" pos="3.868 2.485 0.0134" axisangle="0 0 1 -0.163" material="wood" mass="0.1"/>
    <geom name="rubble_434" type="box" size="0.050 0.050 0.0293" pos="3.867 2.583 0.0293" axisangle="0 0 1 0.094" material="wood" mass="0.1"/>
    <geom name="rubble_435" type="box" size="0.050 0.050 0.0203" pos="3.870 2.711 0.0203" axisangle="0 0 1 -0.090" material="wood" mass="0.1"/>
    <geom name="rubble_436" type="box" size="0.050 0.050 0.0099" pos="3.966 1.293 0.0099" axisangle="0 0 1 0.186" material="wood" mass="0.1"/>
    <geom name="rubble_437" type="box" size="0.050 0.050 0.0454" pos="3.934 1.399 0.0454" axisangle="0 0 1 -0.068" material="wood" mass="0.1"/>
    <geom name="rubble_438" type="box" size="0.050 0.050 0.0415" pos="3.938 1.503 0.0415" axisangle="0 0 1 0.249" material="wood" mass="0.1"/>
    <geom name="rubble_439" type="box" size="0.050 0.050 0.0320" pos="3.957 1.592 0.0320" axisangle="0 0 1 -0.115" material="wood" mass="0.1"/>
    <geom name="rubble_440" type="box" size="0.050 0.050 0.0070" pos="3.968 1.682 0.0070" axisangle="0 0 1 -0.156" material="wood" mass="0.1"/>
    <geom name="rubble_441" type="box" size="0.050 0.050 0.0390" pos="3.945 1.810 0.0390" axisangle="0 0 1 -0.174" material="wood" mass="0.1"/>
    <geom name="rubble_442" type="box" size="0.050 0.050 0.0052" pos="3.938 1.919 0.0052" axisangle="0 0 1 -0.071" material="wood" mass="0.1"/>
    <geom name="rubble_443" type="box" size="0.050 0.050 0.0042" pos="3.946 2.003 0.0042" axisangle="0 0 1 0.044" material="wood" mass="0.1"/>
    <geom name="rubble_444" type="box" size="0.050 0.050 0.0461" pos="3.931 2.091 0.0461" axisangle="0 0 1 -0.027" material="wood" mass="0.1"/>
    <geom name="rubble_445" type="box" size="0.050 0.050 0.0241" pos="3.939 2.188 0.0241" axisangle="0 0 1 -0.183" material="wood" mass="0.1"/>
    <geom name="rubble_446" type="box" size="0.050 0.050 0.0259" pos="3.953 2.301 0.0259" axisangle="0 0 1 0.244" material="wood" mass="0.1"/>
    <geom name="rubble_447" type="box" size="0.050 0.050 0.0411" pos="3.968 2.416 0.0411" axisangle="0 0 1 -0.200" material="wood" mass="0.1"/>
    <geom name="rubble_448" type="box" size="0.050 0.050 0.0161" pos="3.968 2.500 0.0161" axisangle="0 0 1 0.222" material="wood" mass="0.1"/>
    <geom name="rubble_449" type="box" size="0.050 0.050 0.0323" pos="3.957 2.618 0.0323" axisangle="0 0 1 -0.038" material="wood" mass="0.1"/>
    <geom name="rubble_450" type="box" size="0.050 0.050 0.0302" pos="3.933 2.712 0.0302" axisangle="0 0 1 0.251" material="wood" mass="0.1"/>
    <geom name="rubble_451" type="box" size="0.050 0.050 0.0097" pos="4.047 1.295 0.0097" axisangle="0 0 1 -0.253" material="wood" mass="0.1"/>
    <geom name="rubble_452" type="box" size="0.050 0.050 0.0029" pos="4.057 1.399 0.0029" axisangle="0 0 1 0.039" material="wood" mass="0.1"/>
    <geom name="rubble_453" type="box" size="0.050 0.050 0.0106" pos="4.053 1.508 0.0106" axisangle="0 0 1 -0.175" material="wood" mass="0.1"/>
    <geom name="rubble_454" type="box" size="0.050 0.050 0.0406" pos="4.045 1.614 0.0406" axisangle="0 0 1 0.206" material="wood" mass="0.1"/>
    <geom name="rubble_455" type="box" size="0.050 0.050 0.0164" pos="4.051 1.689 0.0164" axisangle="0 0 1 -0.202" material="wood" mass="0.1"/>
    <geom name="rubble_456" type="box" size="0.050 0.050 0.0026" pos="4.061 1.783 0.0026" axisangle="0 0 1 0.187" material="wood" mass="0.1"/>
    <geom name="rubble_457" type="box" size="0.050 0.050 0.0304" pos="4.064 1.899 0.0304" axisangle="0 0 1 -0.008" material="wood" mass="0.1"/>
    <geom name="rubble_458" type="box" size="0.050 0.050 0.0401" pos="4.059 1.993 0.0401" axisangle="0 0 1 0.127" material="wood" mass="0.1"/>
    <geom name="rubble_459" type="box" size="0.050 0.050 0.0492" pos="4.063 2.119 0.0492" axisangle="0 0 1 -0.230" material="wood" mass="0.1"/>
    <geom name="rubble_460" type="box" size="0.050 0.050 0.0102" pos="4.067 2.182 0.0102" axisangle="0 0 1 0.158" material="wood" mass="0.1"/>
    <geom name="rubble_461" type="box" size="0.050 0.050 0.0164" pos="4.058 2.302 0.0164" axisangle="0 0 1 0.123" material="wood" mass="0.1"/>
    <geom name="rubble_462" type="box" size="0.050 0.050 0.0129" pos="4.038 2.392 0.0129" axisangle="0 0 1 -0.164" material="wood" mass="0.1"/>
    <geom name="rubble_463" type="box" size="0.050 0.050 0.0092" pos="4.051 2.495 0.0092" axisangle="0 0 1 -0.203" material="wood" mass="0.1"/>
    <geom name="rubble_464" type="box" size="0.050 0.050 0.0474" pos="4.053 2.581 0.0474" axisangle="0 0 1 0.021" material="wood" mass="0.1"/>
    <geom name="rubble_465" type="box" size="0.050 0.050 0.0493" pos="4.038 2.715 0.0493" axisangle="0 0 1 -0.236" material="wood" mass="0.1"/>
    <geom name="rubble_466" type="box" size="0.050 0.050 0.0256" pos="4.150 1.304 0.0256" axisangle="0 0 1 0.028" material="wood" mass="0.1"/>
    <geom name="rubble_467" type="box" size="0.050 0.050 0.0192" pos="4.139 1.395 0.0192" axisangle="0 0 1 -0.171" material="wood" mass="0.1"/>
    <geom name="rubble_468" type="box" size="0.050 0.050 0.0415" pos="4.157 1.506 0.0415" axisangle="0 0 1 0.048" material="wood" mass="0.1"/>
    <geom name="rubble_469" type="box" size="0.050 0.050 0.0401" pos="4.154 1.618 0.0401" axisangle="0 0 1 0.129" material="wood" mass="0.1"/>
    <geom name="rubble_470" type="box" size="0.050 0.050 0.0041" pos="4.134 1.696 0.0041" axisangle="0 0 1 0.246" material="wood" mass="0.1"/>
    <geom name="rubble_471" type="box" size="0.050 0.050 0.0458" pos="4.164 1.793 0.0458" axisangle="0 0 1 0.081" material="wood" mass="0.1"/>
    <geom name="rubble_472" type="box" size="0.050 0.050 0.0226" pos="4.159 1.888 0.0226" axisangle="0 0 1 0.072" material="wood" mass="0.1"/>
    <geom name="rubble_473" type="box" size="0.050 0.050 0.0154" pos="4.148 1.996 0.0154" axisangle="0 0 1 0.220" material="wood" mass="0.1"/>
    <geom name="rubble_474" type="box" size="0.050 0.050 0.0496" pos="4.142 2.106 0.0496" axisangle="0 0 1 0.046" material="wood" mass="0.1"/>
    <geom name="rubble_475" type="box" size="0.050 0.050 0.0280" pos="4.168 2.195 0.0280" axisangle="0 0 1 0.253" material="wood" mass="0.1"/>
    <geom name="rubble_476" type="box" size="0.050 0.050 0.0496" pos="4.153 2.316 0.0496" axisangle="0 0 1 0.111" material="wood" mass="0.1"/>
    <geom name="rubble_477" type="box" size="0.050 0.050 0.0092" pos="4.146 2.389 0.0092" axisangle="0 0 1 -0.000" material="wood" mass="0.1"/>
    <geom name="rubble_478" type="box" size="0.050 0.050 0.0177" pos="4.140 2.519 0.0177" axisangle="0 0 1 -0.086" material="wood" mass="0.1"/>
    <geom name="rubble_479" type="box" size="0.050 0.050 0.0139" pos="4.135 2.581 0.0139" axisangle="0 0 1 0.251" material="wood" mass="0.1"/>
    <geom name="rubble_480" type="box" size="0.050 0.050 0.0058" pos="4.141 2.716 0.0058" axisangle="0 0 1 0.083" material="wood" mass="0.1"/>
    <geom name="rubble_481" type="box" size="0.050 0.050 0.0447" pos="4.233 1.314 0.0447" axisangle="0 0 1 -0.111" material="wood" mass="0.1"/>
    <geom name="rubble_482" type="box" size="0.050 0.050 0.0175" pos="4.231 1.408 0.0175" axisangle="0 0 1 -0.006" material="wood" mass="0.1"/>
    <geom name="rubble_483" type="box" size="0.050 0.050 0.0114" pos="4.237 1.510 0.0114" axisangle="0 0 1 0.245" material="wood" mass="0.1"/>
    <geom name="rubble_484" type="box" size="0.050 0.050 0.0320" pos="4.264 1.603 0.0320" axisangle="0 0 1 -0.237" material="wood" mass="0.1"/>
    <geom name="rubble_485" type="box" size="0.050 0.050 0.0259" pos="4.258 1.682 0.0259" axisangle="0 0 1 0.155" material="wood" mass="0.1"/>
    <geom name="rubble_486" type="box" size="0.050 0.050 0.0094" pos="4.252 1.808 0.0094" axisangle="0 0 1 -0.051" material="wood" mass="0.1"/>
    <geom name="rubble_487" type="box" size="0.050 0.050 0.0097" pos="4.262 1.920 0.0097" axisangle="0 0 1 0.203" material="wood" mass="0.1"/>
    <geom name="rubble_488" type="box" size="0.050 0.050 0.0067" pos="4.244 2.018 0.0067" axisangle="0 0 1 -0.007" material="wood" mass="0.1"/>
    <geom name="rubble_489" type="box" size="0.050 0.050 0.0033" pos="4.264 2.098 0.0033" axisangle="0 0 1 -0.143" material="wood" mass="0.1"/>
    <geom name="rubble_490" type="box" size="0.050 0.050 0.0091" pos="4.245 2.187 0.0091" axisangle="0 0 1 0.060" material="wood" mass="0.1"/>
    <geom name="rubble_491" type="box" size="0.050 0.050 0.0491" pos="4.255 2.317 0.0491" axisangle="0 0 1 -0.018" material="wood" mass="0.1"/>
    <geom name="rubble_492" type="box" size="0.050 0.050 0.0087" pos="4.251 2.406 0.0087" axisangle="0 0 1 0.232" material="wood" mass="0.1"/>
    <geom name="rubble_493" type="box" size="0.050 0.050 0.0474" pos="4.245 2.519 0.0474" axisangle="0 0 1 -0.065" material="wood" mass="0.1"/>
    <geom name="rubble_494" type="box" size="0.050 0.050 0.0283" pos="4.245 2.619 0.0283" axisangle="0 0 1 -0.152" material="wood" mass="0.1"/>
    <geom name="rubble_495" type="box" size="0.050 0.050 0.0356" pos="4.252 2.688 0.0356" axisangle="0 0 1 0.015" material="wood" mass="0.1"/>
    <geom name="rubble_496" type="box" size="0.050 0.050 0.0153" pos="4.352 1.296 0.0153" axisangle="0 0 1 -0.141" material="wood" mass="0.1"/>
    <geom name="rubble_497" type="box" size="0.050 0.050 0.0064" pos="4.365 1.417 0.0064" axisangle="0 0 1 -0.097" material="wood" mass="0.1"/>
    <geom name="rubble_498" type="box" size="0.050 0.050 0.0160" pos="4.361 1.498 0.0160" axisangle="0 0 1 -0.074" material="wood" mass="0.1"/>
    <geom name="rubble_499" type="box" size="0.050 0.050 0.0246" pos="4.333 1.580 0.0246" axisangle="0 0 1 -0.194" material="wood" mass="0.1"/>
    <geom name="rubble_500" type="box" size="0.050 0.050 0.0143" pos="4.362 1.693 0.0143" axisangle="0 0 1 0.242" material="wood" mass="0.1"/>
    <geom name="rubble_501" type="box" size="0.050 0.050 0.0249" pos="4.347 1.819 0.0249" axisangle="0 0 1 -0.077" material="wood" mass="0.1"/>
    <geom name="rubble_502" type="box" size="0.050 0.050 0.0062" pos="4.332 1.895 0.0062" axisangle="0 0 1 -0.059" material="wood" mass="0.1"/>
    <geom name="rubble_503" type="box" size="0.050 0.050 0.0409" pos="4.340 1.994 0.0409" axisangle="0 0 1 -0.157" material="wood" mass="0.1"/>
    <geom name="rubble_504" type="box" size="0.050 0.050 0.0266" pos="4.367 2.113 0.0266" axisangle="0 0 1 0.018" material="wood" mass="0.1"/>
    <geom name="rubble_505" type="box" size="0.050 0.050 0.0084" pos="4.357 2.200 0.0084" axisangle="0 0 1 -0.001" material="wood" mass="0.1"/>
    <geom name="rubble_506" type="box" size="0.050 0.050 0.0196" pos="4.335 2.285 0.0196" axisangle="0 0 1 0.037" material="wood" mass="0.1"/>
    <geom name="rubble_507" type="box" size="0.050 0.050 0.0329" pos="4.351 2.413 0.0329" axisangle="0 0 1 -0.086" material="wood" mass="0.1"/>
    <geom name="rubble_508" type="box" size="0.050 0.050 0.0488" pos="4.333 2.508 0.0488" axisangle="0 0 1 0.198" material="wood" mass="0.1"/>
    <geom name="rubble_509" type="box" size="0.050 0.050 0.0491" pos="4.338 2.606 0.0491" axisangle="0 0 1 0.064" material="wood" mass="0.1"/>
    <geom name="rubble_510" type="box" size="0.050 0.050 0.0135" pos="4.362 2.705 0.0135" axisangle="0 0 1 0.233" material="wood" mass="0.1"/>
    <geom name="rubble_511" type="box" size="0.050 0.050 0.0458" pos="4.458 1.302 0.0458" axisangle="0 0 1 -0.228" material="wood" mass="0.1"/>
    <geom name="rubble_512" type="box" size="0.050 0.050 0.0452" pos="4.436 1.387 0.0452" axisangle="0 0 1 -0.066" material="wood" mass="0.1"/>
    <geom name="rubble_513" type="box" size="0.050 0.050 0.0458" pos="4.446 1.486 0.0458" axisangle="0 0 1 0.244" material="wood" mass="0.1"/>
    <geom name="rubble_514" type="box" size="0.050 0.050 0.0410" pos="4.462 1.619 0.0410" axisangle="0 0 1 -0.207" material="wood" mass="0.1"/>
    <geom name="rubble_515" type="box" size="0.050 0.050 0.0371" pos="4.469 1.712 0.0371" axisangle="0 0 1 -0.192" material="wood" mass="0.1"/>
    <geom name="rubble_516" type="box" size="0.050 0.050 0.0303" pos="4.468 1.806 0.0303" axisangle="0 0 1 0.093" material="wood" mass="0.1"/>
    <geom name="rubble_517" type="box" size="0.050 0.050 0.0430" pos="4.455 1.905 0.0430" axisangle="0 0 1 0.163" material="wood" mass="0.1"/>
    <geom name="rubble_518" type="box" size="0.050 0.050 0.0054" pos="4.467 2.005 0.0054" axisangle="0 0 1 0.247" material="wood" mass="0.1"/>
    <geom name="rubble_519" type="box" size="0.050 0.050 0.0333" pos="4.461 2.119 0.0333" axisangle="0 0 1 0.040" material="wood" mass="0.1"/>
    <geom name="rubble_520" type="box" size="0.050 0.050 0.0353" pos="4.435 2.181 0.0353" axisangle="0 0 1 -0.238" material="wood" mass="0.1"/>
    <geom name="rubble_521" type="box" size="0.050 0.050 0.0247" pos="4.445 2.312 0.0247" axisangle="0 0 1 0.090" material="wood" mass="0.1"/>
    <geom name="rubble_522" type="box" size="0.050 0.050 0.0396" pos="4.451 2.402 0.0396" axisangle="0 0 1 0.061" material="wood" mass="0.1"/>
    <geom name="rubble_523" type="box" size="0.050 0.050 0.0199" pos="4.450 2.518 0.0199" axisangle="0 0 1 -0.211" material="wood" mass="0.1"/>
    <geom name="rubble_524" type="box" size="0.050 0.050 0.0408" pos="4.461 2.620 0.0408" axisangle="0 0 1 0.155" material="wood" mass="0.1"/>
    <geom name="rubble_525" type="box" size="0.050 0.050 0.0057" pos="4.464 2.699 0.0057" axisangle="0 0 1 -0.070" material="wood" mass="0.1"/>
    <geom name="rubble_526" type="box" size="0.050 0.050 0.0137" pos="4.543 1.304 0.0137" axisangle="0 0 1 0.186" material="wood" mass="0.1"/>
    <geom name="rubble_527" type="box" size="0.050 0.050 0.0431" pos="4.535 1.404 0.0431" axisangle="0 0 1 0.011" material="wood" mass="0.1"/>
    <geom name="rubble_528" type="box" size="0.050 0.050 0.0227" pos="4.538 1.486 0.0227" axisangle="0 0 1 -0.133" material="wood" mass="0.1"/>
    <geom name="rubble_529" type="box" size="0.050 0.050 0.0424" pos="4.549 1.595 0.0424" axisangle="0 0 1 -0.174" material="wood" mass="0.1"/>
    <geom name="rubble_530" type="box" size="0.050 0.050 0.0154" pos="4.551 1.689 0.0154" axisangle="0 0 1 0.025" material="wood" mass="0.1"/>
    <geom name="rubble_531" type="box" size="0.050 0.050 0.0367" pos="4.548 1.785 0.0367" axisangle="0 0 1 -0.092" material="wood" mass="0.1"/>
    <geom name="rubble_532" type="box" size="0.050 0.050 0.0363" pos="4.553 1.900 0.0363" axisangle="0 0 1 -0.253" material="wood" mass="0.1"/>
    <geom name="rubble_533" type="box" size="0.050 0.050 0.0056" pos="4.531 1.990 0.0056" axisangle="0 0 1 -0.027" material="wood" mass="0.1"/>
    <geom name="rubble_534" type="box" size="0.050 0.050 0.0261" pos="4.547 2.103 0.0261" axisangle="0 0 1 0.102" material="wood" mass="0.1"/>
    <geom name="rubble_535" type="box" size="0.050 0.050 0.0111" pos="4.551 2.211 0.0111" axisangle="0 0 1 -0.024" material="wood" mass="0.1"/>
    <geom name="rubble_536" type="box" size="0.050 0.050 0.0062" pos="4.546 2.309 0.0062" axisangle="0 0 1 0.187" material="wood" mass="0.1"/>
    <geom name="rubble_537" type="box" size="0.050 0.050 0.0341" pos="4.549 2.386 0.0341" axisangle="0 0 1 -0.165" material="wood" mass="0.1"/>
    <geom name="rubble_538" type="box" size="0.050 0.050 0.0181" pos="4.535 2.519 0.0181" axisangle="0 0 1 0.152" material="wood" mass="0.1"/>
    <geom name="rubble_539" type="box" size="0.050 0.050 0.0087" pos="4.530 2.617 0.0087" axisangle="0 0 1 0.199" material="wood" mass="0.1"/>
    <geom name="rubble_540" type="box" size="0.050 0.050 0.0176" pos="4.564 2.707 0.0176" axisangle="0 0 1 -0.165" material="wood" mass="0.1"/>
    <geom name="rubble_541" type="box" size="0.050 0.050 0.0121" pos="4.651 1.305 0.0121" axisangle="0 0 1 -0.019" material="wood" mass="0.1"/>
    <geom name="rubble_542" type="box" size="0.050 0.050 0.0280" pos="4.665 1.387 0.0280" axisangle="0 0 1 -0.048" material="wood" mass="0.1"/>
    <geom name="rubble_543" type="box" size="0.050 0.050 0.0138" pos="4.668 1.518 0.0138" axisangle="0 0 1 0.194" material="wood" mass="0.1"/>
    <geom name="rubble_544" type="box" size="0.050 0.050 0.0260" pos="4.649 1.603 0.0260" axisangle="0 0 1 0.004" material="wood" mass="0.1"/>
    <geom name="rubble_545" type="box" size="0.050 0.050 0.0130" pos="4.657 1.699 0.0130" axisangle="0 0 1 0.200" material="wood" mass="0.1"/>
    <geom name="rubble_546" type="box" size="0.050 0.050 0.0178" pos="4.649 1.805 0.0178" axisangle="0 0 1 -0.080" material="wood" mass="0.1"/>
    <geom name="rubble_547" type="box" size="0.050 0.050 0.0350" pos="4.638 1.897 0.0350" axisangle="0 0 1 0.107" material="wood" mass="0.1"/>
    <geom name="rubble_548" type="box" size="0.050 0.050 0.0228" pos="4.661 1.997 0.0228" axisangle="0 0 1 0.148" material="wood" mass="0.1"/>
    <geom name="rubble_549" type="box" size="0.050 0.050 0.0398" pos="4.654 2.117 0.0398" axisangle="0 0 1 -0.220" material="wood" mass="0.1"/>
    <geom name="rubble_550" type="box" size="0.050 0.050 0.0181" pos="4.660 2.202 0.0181" axisangle="0 0 1 0.136" material="wood" mass="0.1"/>
    <geom name="rubble_551" type="box" size="0.050 0.050 0.0340" pos="4.661 2.296 0.0340" axisangle="0 0 1 0.156" material="wood" mass="0.1"/>
    <geom name="rubble_552" type="box" size="0.050 0.050 0.0115" pos="4.641 2.383 0.0115" axisangle="0 0 1 -0.090" material="wood" mass="0.1"/>
    <geom name="rubble_553" type="box" size="0.050 0.050 0.0114" pos="4.635 2.492 0.0114" axisangle="0 0 1 0.167" material="wood" mass="0.1"/>
    <geom name="rubble_554" type="box" size="0.050 0.050 0.0113" pos="4.639 2.600 0.0113" axisangle="0 0 1 0.069" material="wood" mass="0.1"/>
    <geom name="rubble_555" type="box" size="0.050 0.050 0.0081" pos="4.662 2.692 0.0081" axisangle="0 0 1 0.004" material="wood" mass="0.1"/>
    <geom name="rubble_556" type="box" size="0.050 0.050 0.0466" pos="4.739 1.288 0.0466" axisangle="0 0 1 -0.063" material="wood" mass="0.1"/>
    <geom name="rubble_557" type="box" size="0.050 0.050 0.0490" pos="4.760 1.399 0.0490" axisangle="0 0 1 -0.007" material="wood" mass="0.1"/>
    <geom name="rubble_558" type="box" size="0.050 0.050 0.0347" pos="4.745 1.507 0.0347" axisangle="0 0 1 -0.039" material="wood" mass="0.1"/>
    <geom name="rubble_559" type="box" size="0.050 0.050 0.0042" pos="4.744 1.603 0.0042" axisangle="0 0 1 0.010" material="wood" mass="0.1"/>
    <geom name="rubble_560" type="box" size="0.050 0.050 0.0494" pos="4.763 1.708 0.0494" axisangle="0 0 1 -0.205" material="wood" mass="0.1"/>
    <geom name="rubble_561" type="box" size="0.050 0.050 0.0351" pos="4.737 1.800 0.0351" axisangle="0 0 1 0.016" material="wood" mass="0.1"/>
    <geom name="rubble_562" type="box" size="0.050 0.050 0.0071" pos="4.769 1.896 0.0071" axisangle="0 0 1 0.029" material="wood" mass="0.1"/>
    <geom name="rubble_563" type="box" size="0.050 0.050 0.0429" pos="4.763 2.013 0.0429" axisangle="0 0 1 0.146" material="wood" mass="0.1"/>
    <geom name="rubble_564" type="box" size="0.050 0.050 0.0335" pos="4.756 2.106 0.0335" axisangle="0 0 1 0.106" material="wood" mass="0.1"/>
    <geom name="rubble_565" type="box" size="0.050 0.050 0.0364" pos="4.755 2.211 0.0364" axisangle="0 0 1 -0.090" material="wood" mass="0.1"/>
    <geom name="rubble_566" type="box" size="0.050 0.050 0.0292" pos="4.756 2.317 0.0292" axisangle="0 0 1 -0.059" material="wood" mass="0.1"/>
    <geom name="rubble_567" type="box" size="0.050 0.050 0.0201" pos="4.733 2.402 0.0201" axisangle="0 0 1 -0.073" material="wood" mass="0.1"/>
    <geom name="rubble_568" type="box" size="0.050 0.050 0.0198" pos="4.740 2.504 0.0198" axisangle="0 0 1 0.251" material="wood" mass="0.1"/>
    <geom name="rubble_569" type="box" size="0.050 0.050 0.0288" pos="4.749 2.581 0.0288" axisangle="0 0 1 -0.109" material="wood" mass="0.1"/>
    <geom name="rubble_570" type="box" size="0.050 0.050 0.0343" pos="4.761 2.680 0.0343" axisangle="0 0 1 -0.195" material="wood" mass="0.1"/>
    <geom name="rubble_571" type="box" size="0.050 0.050 0.0173" pos="4.853 1.320 0.0173" axisangle="0 0 1 -0.094" material="wood" mass="0.1"/>
    <geom name="rubble_572" type="box" size="0.050 0.050 0.0369" pos="4.836 1.415 0.0369" axisangle="0 0 1 -0.036" material="wood" mass="0.1"/>
    <geom name="rubble_573" type="box" size="0.050 0.050 0.0027" pos="4.850 1.506 0.0027" axisangle="0 0 1 -0.259" material="wood" mass="0.1"/>
    <geom name="rubble_574" type="box" size="0.050 0.050 0.0234" pos="4.834 1.583 0.0234" axisangle="0 0 1 -0.013" material="wood" mass="0.1"/>
    <geom name="rubble_575" type="box" size="0.050 0.050 0.0082" pos="4.849 1.706 0.0082" axisangle="0 0 1 -0.039" material="wood" mass="0.1"/>
    <geom name="rubble_576" type="box" size="0.050 0.050 0.0055" pos="4.864 1.803 0.0055" axisangle="0 0 1 -0.001" material="wood" mass="0.1"/>
    <geom name="rubble_577" type="box" size="0.050 0.050 0.0044" pos="4.866 1.893 0.0044" axisangle="0 0 1 -0.089" material="wood" mass="0.1"/>
    <geom name="rubble_578" type="box" size="0.050 0.050 0.0283" pos="4.848 1.982 0.0283" axisangle="0 0 1 0.142" material="wood" mass="0.1"/>
    <geom name="rubble_579" type="box" size="0.050 0.050 0.0304" pos="4.866 2.116 0.0304" axisangle="0 0 1 0.029" material="wood" mass="0.1"/>
    <geom name="rubble_580" type="box" size="0.050 0.050 0.0111" pos="4.830 2.184 0.0111" axisangle="0 0 1 0.055" material="wood" mass="0.1"/>
    <geom name="rubble_581" type="box" size="0.050 0.050 0.0152" pos="4.858 2.302 0.0152" axisangle="0 0 1 0.145" material="wood" mass="0.1"/>
    <geom name="rubble_582" type="box" size="0.050 0.050 0.0233" pos="4.863 2.388 0.0233" axisangle="0 0 1 -0.102" material="wood" mass="0.1"/>
    <geom name="rubble_583" type="box" size="0.050 0.050 0.0049" pos="4.842 2.481 0.0049" axisangle="0 0 1 -0.118" material="wood" mass="0.1"/>
    <geom name="rubble_584" type="box" size="0.050 0.050 0.0093" pos="4.838 2.613 0.0093" axisangle="0 0 1 -0.240" material="wood" mass="0.1"/>
    <geom name="rubble_585" type="box" size="0.050 0.050 0.0159" pos="4.831 2.718 0.0159" axisangle="0 0 1 -0.256" material="wood" mass="0.1"/>
    <geom name="rubble_586" type="box" size="0.050 0.050 0.0426" pos="4.940 1.316 0.0426" axisangle="0 0 1 0.218" material="wood" mass="0.1"/>
    <geom name="rubble_587" type="box" size="0.050 0.050 0.0491" pos="4.953 1.396 0.0491" axisangle="0 0 1 -0.113" material="wood" mass="0.1"/>
    <geom name="rubble_588" type="box" size="0.050 0.050 0.0221" pos="4.937 1.505 0.0221" axisangle="0 0 1 0.242" material="wood" mass="0.1"/>
    <geom name="rubble_589" type="box" size="0.050 0.050 0.0334" pos="4.930 1.585 0.0334" axisangle="0 0 1 -0.147" material="wood" mass="0.1"/>
    <geom name="rubble_590" type="box" size="0.050 0.050 0.0304" pos="4.942 1.681 0.0304" axisangle="0 0 1 -0.205" material="wood" mass="0.1"/>
    <geom name="rubble_591" type="box" size="0.050 0.050 0.0161" pos="4.966 1.819 0.0161" axisangle="0 0 1 0.180" material="wood" mass="0.1"/>
    <geom name="rubble_592" type="box" size="0.050 0.050 0.0273" pos="4.942 1.886 0.0273" axisangle="0 0 1 -0.120" material="wood" mass="0.1"/>
    <geom name="rubble_593" type="box" size="0.050 0.050 0.0465" pos="4.948 2.001 0.0465" axisangle="0 0 1 0.020" material="wood" mass="0.1"/>
    <geom name="rubble_594" type="box" size="0.050 0.050 0.0432" pos="4.949 2.095 0.0432" axisangle="0 0 1 0.223" material="wood" mass="0.1"/>
    <geom name="rubble_595" type="box" size="0.050 0.050 0.0409" pos="4.939 2.192 0.0409" axisangle="0 0 1 -0.203" material="wood" mass="0.1"/>
    <geom name="rubble_596" type="box" size="0.050 0.050 0.0262" pos="4.950 2.308 0.0262" axisangle="0 0 1 0.024" material="wood" mass="0.1"/>
    <geom name="rubble_597" type="box" size="0.050 0.050 0.0319" pos="4.968 2.417 0.0319" axisangle="0 0 1 0.220" material="wood" mass="0.1"/>
    <geom name="rubble_598" type="box" size="0.050 0.050 0.0192" pos="4.939 2.489 0.0192" axisangle="0 0 1 0.195" material="wood" mass="0.1"/>
    <geom name="rubble_599" type="box" size="0.050 0.050 0.0230" pos="4.954 2.606 0.0230" axisangle="0 0 1 -0.100" material="wood" mass="0.1"/>
    <geom name="rubble_600" type="box" size="0.050 0.050 0.0042" pos="4.954 2.703 0.0042" axisangle="0 0 1 0.051" material="wood" mass="0.1"/>
    <geom name="rubble_601" type="box" size="0.050 0.050 0.0035" pos="5.037 1.297 0.0035" axisangle="0 0 1 0.216" material="wood" mass="0.1"/>
    <geom name="rubble_602" type="box" size="0.050 0.050 0.0351" pos="5.045 1.382 0.0351" axisangle="0 0 1 -0.105" material="wood" mass="0.1"/>
    <geom name="rubble_603" type="box" size="0.050 0.050 0.0455" pos="5.063 1.514 0.0455" axisangle="0 0 1 0.023" material="wood" mass="0.1"/>
    <geom name="rubble_604" type="box" size="0.050 0.050 0.0074" pos="5.062 1.589 0.0074" axisangle="0 0 1 0.187" material="wood" mass="0.1"/>
    <geom name="rubble_605" type="box" size="0.050 0.050 0.0367" pos="5.047 1.711 0.0367" axisangle="0 0 1 0.121" material="wood" mass="0.1"/>
    <geom name="rubble_606" type="box" size="0.050 0.050 0.0131" pos="5.060 1.787 0.0131" axisangle="0 0 1 -0.066" material="wood" mass="0.1"/>
    <geom name="rubble_607" type="box" size="0.050 0.050 0.0044" pos="5.062 1.910 0.0044" axisangle="0 0 1 -0.253" material="wood" mass="0.1"/>
    <geom name="rubble_608" type="box" size="0.050 0.050 0.0389" pos="5.068 1.997 0.0389" axisangle="0 0 1 0.141" material="wood" mass="0.1"/>
    <geom name="rubble_609" type="box" size="0.050 0.050 0.0035" pos="5.038 2.114 0.0035" axisangle="0 0 1 0.183" material="wood" mass="0.1"/>
    <geom name="rubble_610" type="box" size="0.050 0.050 0.0174" pos="5.040 2.191 0.0174" axisangle="0 0 1 -0.081" material="wood" mass="0.1"/>
    <geom name="rubble_611" type="box" size="0.050 0.050 0.0465" pos="5.050 2.313 0.0465" axisangle="0 0 1 0.204" material="wood" mass="0.1"/>
    <geom name="rubble_612" type="box" size="0.050 0.050 0.0119" pos="5.065 2.397 0.0119" axisangle="0 0 1 -0.011" material="wood" mass="0.1"/>
    <geom name="rubble_613" type="box" size="0.050 0.050 0.0392" pos="5.046 2.495 0.0392" axisangle="0 0 1 0.250" material="wood" mass="0.1"/>
    <geom name="rubble_614" type="box" size="0.050 0.050 0.0219" pos="5.053 2.601 0.0219" axisangle="0 0 1 0.145" material="wood" mass="0.1"/>
    <geom name="rubble_615" type="box" size="0.050 0.050 0.0122" pos="5.050 2.680 0.0122" axisangle="0 0 1 0.204" material="wood" mass="0.1"/>
    <geom name="rubble_616" type="box" size="0.050 0.050 0.0073" pos="5.152 1.315 0.0073" axisangle="0 0 1 0.106" material="wood" mass="0.1"/>
    <geom name="rubble_617" type="box" size="0.050 0.050 0.0280" pos="5.159 1.396 0.0280" axisangle="0 0 1 -0.148" material="wood" mass="0.1"/>
    <geom name="rubble_618" type="box" size="0.050 0.050 0.0109" pos="5.154 1.503 0.0109" axisangle="0 0 1 -0.019" material="wood" mass="0.1"/>
    <geom name="rubble_619" type="box" size="0.050 0.050 0.0191" pos="5.165 1.590 0.0191" axisangle="0 0 1 0.220" material="wood" mass="0.1"/>
    <geom name="rubble_620" type="box" size="0.050 0.050 0.0325" pos="5.153 1.694 0.0325" axisangle="0 0 1 0.021" material="wood" mass="0.1"/>
    <geom name="rubble_621" type="box" size="0.050 0.050 0.0432" pos="5.159 1.785 0.0432" axisangle="0 0 1 0.052" material="wood" mass="0.1"/>
    <geom name="rubble_622" type="box" size="0.050 0.050 0.0311" pos="5.133 1.914 0.0311" axisangle="0 0 1 -0.110" material="wood" mass="0.1"/>
    <geom name="rubble_623" type="box" size="0.050 0.050 0.0422" pos="5.168 2.009 0.0422" axisangle="0 0 1 -0.214" material="wood" mass="0.1"/>
    <geom name="rubble_624" type="box" size="0.050 0.050 0.0119" pos="5.142 2.096 0.0119" axisangle="0 0 1 0.184" material="wood" mass="0.1"/>
    <geom name="rubble_625" type="box" size="0.050 0.050 0.0264" pos="5.154 2.183 0.0264" axisangle="0 0 1 -0.219" material="wood" mass="0.1"/>
    <geom name="rubble_626" type="box" size="0.050 0.050 0.0084" pos="5.160 2.291 0.0084" axisangle="0 0 1 -0.016" material="wood" mass="0.1"/>
    <geom name="rubble_627" type="box" size="0.050 0.050 0.0172" pos="5.135 2.401 0.0172" axisangle="0 0 1 -0.121" material="wood" mass="0.1"/>
    <geom name="rubble_628" type="box" size="0.050 0.050 0.0219" pos="5.137 2.495 0.0219" axisangle="0 0 1 -0.218" material="wood" mass="0.1"/>
    <geom name="rubble_629" type="box" size="0.050 0.050 0.0398" pos="5.151 2.591 0.0398" axisangle="0 0 1 0.178" material="wood" mass="0.1"/>
    <geom name="rubble_630" type="box" size="0.050 0.050 0.0187" pos="5.169 2.709 0.0187" axisangle="0 0 1 -0.084" material="wood" mass="0.1"/>
    <geom name="rubble_631" type="box" size="0.050 0.050 0.0340" pos="5.235 1.291 0.0340" axisangle="0 0 1 0.134" material="wood" mass="0.1"/>
    <geom name="rubble_632" type="box" size="0.050 0.050 0.0041" pos="5.244 1.407 0.0041" axisangle="0 0 1 -0.005" material="wood" mass="0.1"/>
    <geom name="rubble_633" type="box" size="0.050 0.050 0.0373" pos="5.245 1.484 0.0373" axisangle="0 0 1 0.035" material="wood" mass="0.1"/>
    <geom name="rubble_634" type="box" size="0.050 0.050 0.0181" pos="5.265 1.595 0.0181" axisangle="0 0 1 0.008" material="wood" mass="0.1"/>
    <geom name="rubble_635" type="box" size="0.050 0.050 0.0459" pos="5.249 1.683 0.0459" axisangle="0 0 1 -0.136" material="wood" mass="0.1"/>
    <geom name="rubble_636" type="box" size="0.050 0.050 0.0115" pos="5.234 1.817 0.0115" axisangle="0 0 1 -0.173" material="wood" mass="0.1"/>
    <geom name="rubble_637" type="box" size="0.050 0.050 0.0057" pos="5.268 1.897 0.0057" axisangle="0 0 1 -0.148" material="wood" mass="0.1"/>
    <geom name="rubble_638" type="box" size="0.050 0.050 0.0355" pos="5.256 1.994 0.0355" axisangle="0 0 1 0.108" material="wood" mass="0.1"/>
    <geom name="rubble_639" type="box" size="0.050 0.050 0.0302" pos="5.234 2.118 0.0302" axisangle="0 0 1 0.219" material="wood" mass="0.1"/>
    <geom name="rubble_640" type="box" size="0.050 0.050 0.0144" pos="5.267 2.196 0.0144" axisangle="0 0 1 0.166" material="wood" mass="0.1"/>
    <geom name="rubble_641" type="box" size="0.050 0.050 0.0300" pos="5.256 2.293 0.0300" axisangle="0 0 1 -0.166" material="wood" mass="0.1"/>
    <geom name="rubble_642" type="box" size="0.050 0.050 0.0333" pos="5.246 2.383 0.0333" axisangle="0 0 1 -0.148" material="wood" mass="0.1"/>
    <geom name="rubble_643" type="box" size="0.050 0.050 0.0457" pos="5.236 2.503 0.0457" axisangle="0 0 1 0.246" material="wood" mass="0.1"/>
    <geom name="rubble_644" type="box" size="0.050 0.050 0.0273" pos="5.243 2.594 0.0273" axisangle="0 0 1 0.135" material="wood" mass="0.1"/>
    <geom name="rubble_645" type="box" size="0.050 0.050 0.0082" pos="5.259 2.696 0.0082" axisangle="0 0 1 0.214" material="wood" mass="0.1"/>
    <geom name="rubble_646" type="box" size="0.050 0.050 0.0316" pos="5.363 1.309 0.0316" axisangle="0 0 1 0.108" material="wood" mass="0.1"/>
    <geom name="rubble_647" type="box" size="0.050 0.050 0.0103" pos="5.346 1.395 0.0103" axisangle="0 0 1 -0.228" material="wood" mass="0.1"/>
    <geom name="rubble_648" type="box" size="0.050 0.050 0.0041" pos="5.347 1.489 0.0041" axisangle="0 0 1 -0.145" material="wood" mass="0.1"/>
    <geom name="rubble_649" type="box" size="0.050 0.050 0.0067" pos="5.366 1.603 0.0067" axisangle="0 0 1 0.216" material="wood" mass="0.1"/>
    <geom name="rubble_650" type="box" size="0.050 0.050 0.0424" pos="5.337 1.719 0.0424" axisangle="0 0 1 0.252" material="wood" mass="0.1"/>
    <geom name="rubble_651" type="box" size="0.050 0.050 0.0058" pos="5.336 1.802 0.0058" axisangle="0 0 1 0.224" material="wood" mass="0.1"/>
    <geom name="rubble_652" type="box" size="0.050 0.050 0.0412" pos="5.357 1.901 0.0412" axisangle="0 0 1 0.103" material="wood" mass="0.1"/>
    <geom name="rubble_653" type="box" size="0.050 0.050 0.0328" pos="5.330 2.015 0.0328" axisangle="0 0 1 0.259" material="wood" mass="0.1"/>
    <geom name="rubble_654" type="box" size="0.050 0.050 0.0106" pos="5.346 2.099 0.0106" axisangle="0 0 1 -0.016" material="wood" mass="0.1"/>
    <geom name="rubble_655" type="box" size="0.050 0.050 0.0414" pos="5.333 2.219 0.0414" axisangle="0 0 1 0.233" material="wood" mass="0.1"/>
    <geom name="rubble_656" type="box" size="0.050 0.050 0.0373" pos="5.357 2.294 0.0373" axisangle="0 0 1 -0.192" material="wood" mass="0.1"/>
    <geom name="rubble_657" type="box" size="0.050 0.050 0.0461" pos="5.367 2.383 0.0461" axisangle="0 0 1 0.178" material="wood" mass="0.1"/>
    <geom name="rubble_658" type="box" size="0.050 0.050 0.0399" pos="5.338 2.484 0.0399" axisangle="0 0 1 0.174" material="wood" mass="0.1"/>
    <geom name="rubble_659" type="box" size="0.050 0.050 0.0065" pos="5.331 2.590 0.0065" axisangle="0 0 1 0.005" material="wood" mass="0.1"/>
    <geom name="rubble_660" type="box" size="0.050 0.050 0.0259" pos="5.364 2.702 0.0259" axisangle="0 0 1 0.261" material="wood" mass="0.1"/>
    <geom name="rubble_661" type="box" size="0.050 0.050 0.0217" pos="5.455 1.307 0.0217" axisangle="0 0 1 -0.193" material="wood" mass="0.1"/>
    <geom name="rubble_662" type="box" size="0.050 0.050 0.0299" pos="5.461 1.414 0.0299" axisangle="0 0 1 0.149" material="wood" mass="0.1"/>
    <geom name="rubble_663" type="box" size="0.050 0.050 0.0227" pos="5.463 1.494 0.0227" axisangle="0 0 1 -0.145" material="wood" mass="0.1"/>
    <geom name="rubble_664" type="box" size="0.050 0.050 0.0369" pos="5.439 1.611 0.0369" axisangle="0 0 1 0.063" material="wood" mass="0.1"/>
    <geom name="rubble_665" type="box" size="0.050 0.050 0.0467" pos="5.469 1.712 0.0467" axisangle="0 0 1 -0.021" material="wood" mass="0.1"/>
    <geom name="rubble_666" type="box" size="0.050 0.050 0.0075" pos="5.438 1.783 0.0075" axisangle="0 0 1 0.224" material="wood" mass="0.1"/>
    <geom name="rubble_667" type="box" size="0.050 0.050 0.0238" pos="5.451 1.888 0.0238" axisangle="0 0 1 0.002" material="wood" mass="0.1"/>
    <geom name="rubble_668" type="box" size="0.050 0.050 0.0042" pos="5.439 1.986 0.0042" axisangle="0 0 1 0.096" material="wood" mass="0.1"/>
    <geom name="rubble_669" type="box" size="0.050 0.050 0.0250" pos="5.455 2.103 0.0250" axisangle="0 0 1 0.117" material="wood" mass="0.1"/>
    <geom name="rubble_670" type="box" size="0.050 0.050 0.0292" pos="5.442 2.210 0.0292" axisangle="0 0 1 -0.021" material="wood" mass="0.1"/>
    <geom name="rubble_671" type="box" size="0.050 0.050 0.0227" pos="5.438 2.299 0.0227" axisangle="0 0 1 -0.184" material="wood" mass="0.1"/>
    <geom name="rubble_672" type="box" size="0.050 0.050 0.0399" pos="5.444 2.412 0.0399" axisangle="0 0 1 0.258" material="wood" mass="0.1"/>
    <geom name="rubble_673" type="box" size="0.050 0.050 0.0298" pos="5.451 2.520 0.0298" axisangle="0 0 1 0.061" material="wood" mass="0.1"/>
    <geom name="rubble_674" type="box" size="0.050 0.050 0.0446" pos="5.456 2.589 0.0446" axisangle="0 0 1 0.177" material="wood" mass="0.1"/>
    <geom name="rubble_675" type="box" size="0.050 0.050 0.0403" pos="5.462 2.682 0.0403" axisangle="0 0 1 -0.254" material="wood" mass="0.1"/>
    <geom name="rubble_676" type="box" size="0.050 0.050 0.0082" pos="5.533 1.290 0.0082" axisangle="0 0 1 -0.226" material="wood" mass="0.1"/>
    <geom name="rubble_677" type="box" size="0.050 0.050 0.0028" pos="5.546 1.407 0.0028" axisangle="0 0 1 0.226" material="wood" mass="0.1"/>
    <geom name="rubble_678" type="box" size="0.050 0.050 0.0135" pos="5.552 1.499 0.0135" axisangle="0 0 1 -0.190" material="wood" mass="0.1"/>
    <geom name="rubble_679" type="box" size="0.050 0.050 0.0352" pos="5.561 1.584 0.0352" axisangle="0 0 1 -0.233" material="wood" mass="0.1"/>
    <geom name="rubble_680" type="box" size="0.050 0.050 0.0472" pos="5.538 1.705 0.0472" axisangle="0 0 1 -0.030" material="wood" mass="0.1"/>
    <geom name="rubble_681" type="box" size="0.050 0.050 0.0433" pos="5.535 1.811 0.0433" axisangle="0 0 1 -0.158" material="wood" mass="0.1"/>
    <geom name="rubble_682" type="box" size="0.050 0.050 0.0097" pos="5.542 1.893 0.0097" axisangle="0 0 1 0.033" material="wood" mass="0.1"/>
    <geom name="rubble_683" type="box" size="0.050 0.050 0.0221" pos="5.566 2.018 0.0221" axisangle="0 0 1 0.260" material="wood" mass="0.1"/>
    <geom name="rubble_684" type="box" size="0.050 0.050 0.0067" pos="5.557 2.083 0.0067" axisangle="0 0 1 -0.188" material="wood" mass="0.1"/>
    <geom name="rubble_685" type="box" size="0.050 0.050 0.0399" pos="5.534 2.209 0.0399" axisangle="0 0 1 0.137" material="wood" mass="0.1"/>
    <geom name="rubble_686" type="box" size="0.050 0.050 0.0090" pos="5.556 2.287 0.0090" axisangle="0 0 1 -0.132" material="wood" mass="0.1"/>
    <geom name="rubble_687" type="box" size="0.050 0.050 0.0275" pos="5.558 2.419 0.0275" axisangle="0 0 1 0.208" material="wood" mass="0.1"/>
    <geom name="rubble_688" type="box" size="0.050 0.050 0.0492" pos="5.559 2.512 0.0492" axisangle="0 0 1 0.125" material="wood" mass="0.1"/>
    <geom name="rubble_689" type="box" size="0.050 0.050 0.0350" pos="5.531 2.609 0.0350" axisangle="0 0 1 0.188" material="wood" mass="0.1"/>
    <geom name="rubble_690" type="box" size="0.050 0.050 0.0082" pos="5.565 2.681 0.0082" axisangle="0 0 1 0.071" material="wood" mass="0.1"/>
    <geom name="rubble_691" type="box" size="0.050 0.050 0.0079" pos="5.665 1.287 0.0079" axisangle="0 0 1 -0.075" material="wood" mass="0.1"/>
    <geom name="rubble_692" type="box" size="0.050 0.050 0.0494" pos="5.640 1.411 0.0494" axisangle="0 0 1 0.091" material="wood" mass="0.1"/>
    <geom name="rubble_693" type="box" size="0.050 0.050 0.0296" pos="5.637 1.512 0.0296" axisangle="0 0 1 -0.047" material="wood" mass="0.1"/>
    <geom name="rubble_694" type="box" size="0.050 0.050 0.0327" pos="5.669 1.583 0.0327" axisangle="0 0 1 -0.210" material="wood" mass="0.1"/>
    <geom name="rubble_695" type="box" size="0.050 0.050 0.0095" pos="5.662 1.688 0.0095" axisangle="0 0 1 0.126" material="wood" mass="0.1"/>
    <geom name="rubble_696" type="box" size="0.050 0.050 0.0095" pos="5.632 1.781 0.0095" axisangle="0 0 1 0.101" material="wood" mass="0.1"/>
    <geom name="rubble_697" type="box" size="0.050 0.050 0.0059" pos="5.664 1.908 0.0059" axisangle="0 0 1 0.177" material="wood" mass="0.1"/>
    <geom name="rubble_698" type="box" size="0.050 0.050 0.0374" pos="5.658 1.994 0.0374" axisangle="0 0 1 0.177" material="wood" mass="0.1"/>
    <geom name="rubble_699" type="box" size="0.050 0.050 0.0336" pos="5.667 2.120 0.0336" axisangle="0 0 1 0.040" material="wood" mass="0.1"/>
    <geom name="rubble_700" type="box" size="0.050 0.050 0.0472" pos="5.654 2.196 0.0472" axisangle="0 0 1 0.012" material="wood" mass="0.1"/>
    <geom name="rubble_701" type="box" size="0.050 0.050 0.0472" pos="5.651 2.283 0.0472" axisangle="0 0 1 0.118" material="wood" mass="0.1"/>
    <geom name="rubble_702" type="box" size="0.050 0.050 0.0390" pos="5.664 2.398 0.0390" axisangle="0 0 1 0.107" material="wood" mass="0.1"/>
    <geom name="rubble_703" type="box" size="0.050 0.050 0.0477" pos="5.645 2.517 0.0477" axisangle="0 0 1 0.047" material="wood" mass="0.1"/>
    <geom name="rubble_704" type="box" size="0.050 0.050 0.0175" pos="5.639 2.607 0.0175" axisangle="0 0 1 -0.086" material="wood" mass="0.1"/>
    <geom name="rubble_705" type="box" size="0.050 0.050 0.0190" pos="5.640 2.690 0.0190" axisangle="0 0 1 0.147" material="wood" mass="0.1"/>
    <geom name="rubble_706" type="box" size="0.050 0.050 0.0419" pos="5.759 1.282 0.0419" axisangle="0 0 1 -0.224" material="wood" mass="0.1"/>
    <geom name="rubble_707" type="box" size="0.050 0.050 0.0297" pos="5.764 1.409 0.0297" axisangle="0 0 1 0.017" material="wood" mass="0.1"/>
    <geom name="rubble_708" type="box" size="0.050 0.050 0.0333" pos="5.748 1.513 0.0333" axisangle="0 0 1 0.244" material="wood" mass="0.1"/>
    <geom name="rubble_709" type="box" size="0.050 0.050 0.0228" pos="5.734 1.615 0.0228" axisangle="0 0 1 -0.260" material="wood" mass="0.1"/>
    <geom name="rubble_710" type="box" size="0.050 0.050 0.0035" pos="5.765 1.710 0.0035" axisangle="0 0 1 -0.032" material="wood" mass="0.1"/>
    <geom name="rubble_711" type="box" size="0.050 0.050 0.0223" pos="5.734 1.808 0.0223" axisangle="0 0 1 -0.202" material="wood" mass="0.1"/>
    <geom name="rubble_712" type="box" size="0.050 0.050 0.0178" pos="5.750 1.909 0.0178" axisangle="0 0 1 0.036" material="wood" mass="0.1"/>
    <geom name="rubble_713" type="box" size="0.050 0.050 0.0496" pos="5.752 1.988 0.0496" axisangle="0 0 1 -0.198" material="wood" mass="0.1"/>
    <geom name="rubble_714" type="box" size="0.050 0.050 0.0444" pos="5.763 2.084 0.0444" axisangle="0 0 1 0.085" material="wood" mass="0.1"/>
    <geom name="rubble_715" type="box" size="0.050 0.050 0.0161" pos="5.742 2.219 0.0161" axisangle="0 0 1 0.247" material="wood" mass="0.1"/>
    <geom name="rubble_716" type="box" size="0.050 0.050 0.0198" pos="5.748 2.315 0.0198" axisangle="0 0 1 -0.182" material="wood" mass="0.1"/>
    <geom name="rubble_717" type="box" size="0.050 0.050 0.0360" pos="5.742 2.413 0.0360" axisangle="0 0 1 -0.155" material="wood" mass="0.1"/>
    <geom name="rubble_718" type="box" size="0.050 0.050 0.0058" pos="5.767 2.511 0.0058" axisangle="0 0 1 -0.148" material="wood" mass="0.1"/>
    <geom name="rubble_719" type="box" size="0.050 0.050 0.0212" pos="5.761 2.616 0.0212" axisangle="0 0 1 0.238" material="wood" mass="0.1"/>
    <geom name="rubble_720" type="box" size="0.050 0.050 0.0068" pos="5.758 2.714 0.0068" axisangle="0 0 1 -0.095" material="wood" mass="0.1"/>
    <geom name="rubble_721" type="box" size="0.050 0.050 0.0348" pos="5.864 1.310 0.0348" axisangle="0 0 1 -0.052" material="wood" mass="0.1"/>
    <geom name="rubble_722" type="box" size="0.050 0.050 0.0223" pos="5.833 1.412 0.0223" axisangle="0 0 1 -0.137" material="wood" mass="0.1"/>
    <geom name="rubble_723" type="box" size="0.050 0.050 0.0258" pos="5.847 1.520 0.0258" axisangle="0 0 1 0.221" material="wood" mass="0.1"/>
    <geom name="rubble_724" type="box" size="0.050 0.050 0.0454" pos="5.844 1.599 0.0454" axisangle="0 0 1 -0.010" material="wood" mass="0.1"/>
    <geom name="rubble_725" type="box" size="0.050 0.050 0.0212" pos="5.833 1.713 0.0212" axisangle="0 0 1 -0.138" material="wood" mass="0.1"/>
    <geom name="rubble_726" type="box" size="0.050 0.050 0.0382" pos="5.869 1.793 0.0382" axisangle="0 0 1 0.163" material="wood" mass="0.1"/>
    <geom name="rubble_727" type="box" size="0.050 0.050 0.0406" pos="5.836 1.890 0.0406" axisangle="0 0 1 -0.155" material="wood" mass="0.1"/>
    <geom name="rubble_728" type="box" size="0.050 0.050 0.0412" pos="5.850 1.997 0.0412" axisangle="0 0 1 0.047" material="wood" mass="0.1"/>
    <geom name="rubble_729" type="box" size="0.050 0.050 0.0041" pos="5.851 2.087 0.0041" axisangle="0 0 1 -0.015" material="wood" mass="0.1"/>
    <geom name="rubble_730" type="box" size="0.050 0.050 0.0245" pos="5.838 2.213 0.0245" axisangle="0 0 1 -0.060" material="wood" mass="0.1"/>
    <geom name="rubble_731" type="box" size="0.050 0.050 0.0180" pos="5.831 2.288 0.0180" axisangle="0 0 1 -0.085" material="wood" mass="0.1"/>
    <geom name="rubble_732" type="box" size="0.050 0.050 0.0164" pos="5.830 2.405 0.0164" axisangle="0 0 1 -0.018" material="wood" mass="0.1"/>
    <geom name="rubble_733" type="box" size="0.050 0.050 0.0222" pos="5.847 2.482 0.0222" axisangle="0 0 1 -0.192" material="wood" mass="0.1"/>
    <geom name="rubble_734" type="box" size="0.050 0.050 0.0397" pos="5.860 2.602 0.0397" axisangle="0 0 1 0.222" material="wood" mass="0.1"/>
    <geom name="rubble_735" type="box" size="0.050 0.050 0.0051" pos="5.851 2.691 0.0051" axisangle="0 0 1 0.099" material="wood" mass="0.1"/>
    <geom name="rubble_736" type="box" size="0.050 0.050 0.0185" pos="5.938 1.281 0.0185" axisangle="0 0 1 0.124" material="wood" mass="0.1"/>
    <geom name="rubble_737" type="box" size="0.050 0.050 0.0227" pos="5.960 1.387 0.0227" axisangle="0 0 1 0.057" material="wood" mass="0.1"/>
    <geom name="rubble_738" type="box" size="0.050 0.050 0.0041" pos="5.938 1.488 0.0041" axisangle="0 0 1 0.079" material="wood" mass="0.1"/>
    <geom name="rubble_739" type="box" size="0.050 0.050 0.0161" pos="5.961 1.593 0.0161" axisangle="0 0 1 0.154" material="wood" mass="0.1"/>
    <geom name="rubble_740" type="box" size="0.050 0.050 0.0471" pos="5.938 1.697 0.0471" axisangle="0 0 1 0.009" material="wood" mass="0.1"/>
    <geom name="rubble_741" type="box" size="0.050 0.050 0.0336" pos="5.955 1.786 0.0336" axisangle="0 0 1 -0.079" material="wood" mass="0.1"/>
    <geom name="rubble_742" type="box" size="0.050 0.050 0.0216" pos="5.953 1.899 0.0216" axisangle="0 0 1 -0.114" material="wood" mass="0.1"/>
    <geom name="rubble_743" type="box" size="0.050 0.050 0.0420" pos="5.956 2.012 0.0420" axisangle="0 0 1 -0.075" material="wood" mass="0.1"/>
    <geom name="rubble_744" type="box" size="0.050 0.050 0.0076" pos="5.967 2.110 0.0076" axisangle="0 0 1 -0.089" material="wood" mass="0.1"/>
    <geom name="rubble_745" type="box" size="0.050 0.050 0.0412" pos="5.969 2.182 0.0412" axisangle="0 0 1 -0.131" material="wood" mass="0.1"/>
    <geom name="rubble_746" type="box" size="0.050 0.050 0.0392" pos="5.967 2.288 0.0392" axisangle="0 0 1 -0.201" material="wood" mass="0.1"/>
    <geom name="rubble_747" type="box" size="0.050 0.050 0.0457" pos="5.937 2.399 0.0457" axisangle="0 0 1 -0.030" material="wood" mass="0.1"/>
    <geom name="rubble_748" type="box" size="0.050 0.050 0.0369" pos="5.962 2.514 0.0369" axisangle="0 0 1 -0.212" material="wood" mass="0.1"/>
    <geom name="rubble_749" type="box" size="0.050 0.050 0.0064" pos="5.938 2.589 0.0064" axisangle="0 0 1 0.208" material="wood" mass="0.1"/>
    <geom name="rubble_750" type="box" size="0.050 0.050 0.0358" pos="5.954 2.693 0.0358" axisangle="0 0 1 0.133" material="wood" mass="0.1"/>
    <geom name="rubble_751" type="box" size="0.050 0.050 0.0120" pos="6.065 1.283 0.0120" axisangle="0 0 1 -0.204" material="wood" mass="0.1"/>
    <geom name="rubble_752" type="box" size="0.050 0.050 0.0422" pos="6.042 1.406 0.0422" axisangle="0 0 1 -0.127" material="wood" mass="0.1"/>
    <geom name="rubble_753" type="box" size="0.050 0.050 0.0442" pos="6.066 1.517 0.0442" axisangle="0 0 1 -0.215" material="wood" mass="0.1"/>
    <geom name="rubble_754" type="box" size="0.050 0.050 0.0310" pos="6.048 1.609 0.0310" axisangle="0 0 1 -0.238" material="wood" mass="0.1"/>
    <geom name="rubble_755" type="box" size="0.050 0.050 0.0275" pos="6.036 1.682 0.0275" axisangle="0 0 1 -0.051" material="wood" mass="0.1"/>
    <geom name="rubble_756" type="box" size="0.050 0.050 0.0407" pos="6.043 1.803 0.0407" axisangle="0 0 1 -0.230" material="wood" mass="0.1"/>
    <geom name="rubble_757" type="box" size="0.050 0.050 0.0381" pos="6.056 1.907 0.0381" axisangle="0 0 1 -0.061" material="wood" mass="0.1"/>
    <geom name="rubble_758" type="box" size="0.050 0.050 0.0470" pos="6.062 2.019 0.0470" axisangle="0 0 1 0.125" material="wood" mass="0.1"/>
    <geom name="rubble_759" type="box" size="0.050 0.050 0.0259" pos="6.045 2.098 0.0259" axisangle="0 0 1 0.157" material="wood" mass="0.1"/>
    <geom name="rubble_760" type="box" size="0.050 0.050 0.0055" pos="6.063 2.196 0.0055" axisangle="0 0 1 0.149" material="wood" mass="0.1"/>
    <geom name="rubble_761" type="box" size="0.050 0.050 0.0210" pos="6.038 2.308 0.0210" axisangle="0 0 1 -0.014" material="wood" mass="0.1"/>
    <geom name="rubble_762" type="box" size="0.050 0.050 0.0126" pos="6.038 2.388 0.0126" axisangle="0 0 1 -0.018" material="wood" mass="0.1"/>
    <geom name="rubble_763" type="box" size="0.050 0.050 0.0472" pos="6.052 2.489 0.0472" axisangle="0 0 1 0.115" material="wood" mass="0.1"/>
    <geom name="rubble_764" type="box" size="0.050 0.050 0.0079" pos="6.038 2.601 0.0079" axisangle="0 0 1 0.210" material="wood" mass="0.1"/>
    <geom name="rubble_765" type="box" size="0.050 0.050 0.0405" pos="6.055 2.713 0.0405" axisangle="0 0 1 0.009" material="wood" mass="0.1"/>
    <geom name="rubble_766" type="box" size="0.050 0.050 0.0150" pos="6.135 1.295 0.0150" axisangle="0 0 1 0.184" material="wood" mass="0.1"/>
    <geom name="rubble_767" type="box" size="0.050 0.050 0.0455" pos="6.167 1.384 0.0455" axisangle="0 0 1 -0.008" material="wood" mass="0.1"/>
    <geom name="rubble_768" type="box" size="0.050 0.050 0.0157" pos="6.150 1.515 0.0157" axisangle="0 0 1 0.089" material="wood" mass="0.1"/>
    <geom name="rubble_769" type="box" size="0.050 0.050 0.0289" pos="6.148 1.606 0.0289" axisangle="0 0 1 -0.260" material="wood" mass="0.1"/>
    <geom name="rubble_770" type="box" size="0.050 0.050 0.0311" pos="6.163 1.717 0.0311" axisangle="0 0 1 -0.194" material="wood" mass="0.1"/>
    <geom name="rubble_771" type="box" size="0.050 0.050 0.0475" pos="6.150 1.801 0.0475" axisangle="0 0 1 -0.206" material="wood" mass="0.1"/>
    <geom name="rubble_772" type="box" size="0.050 0.050 0.0094" pos="6.135 1.905 0.0094" axisangle="0 0 1 0.067" material="wood" mass="0.1"/>
    <geom name="rubble_773" type="box" size="0.050 0.050 0.0420" pos="6.157 1.982 0.0420" axisangle="0 0 1 -0.145" material="wood" mass="0.1"/>
    <geom name="rubble_774" type="box" size="0.050 0.050 0.0344" pos="6.147 2.115 0.0344" axisangle="0 0 1 -0.027" material="wood" mass="0.1"/>
    <geom name="rubble_775" type="box" size="0.050 0.050 0.0224" pos="6.158 2.199 0.0224" axisangle="0 0 1 0.164" material="wood" mass="0.1"/>
    <geom name="rubble_776" type="box" size="0.050 0.050 0.0074" pos="6.131 2.315 0.0074" axisangle="0 0 1 0.075" material="wood" mass="0.1"/>
    <geom name="rubble_777" type="box" size="0.050 0.050 0.0337" pos="6.156 2.380 0.0337" axisangle="0 0 1 -0.230" material="wood" mass="0.1"/>
    <geom name="rubble_778" type="box" size="0.050 0.050 0.0432" pos="6.134 2.488 0.0432" axisangle="0 0 1 -0.257" material="wood" mass="0.1"/>
    <geom name="rubble_779" type="box" size="0.050 0.050 0.0223" pos="6.162 2.581 0.0223" axisangle="0 0 1 -0.145" material="wood" mass="0.1"/>
    <geom name="rubble_780" type="box" size="0.050 0.050 0.0337" pos="6.136 2.704 0.0337" axisangle="0 0 1 0.200" material="wood" mass="0.1"/>
    <geom name="rubble_781" type="box" size="0.050 0.050 0.0311" pos="6.232 1.292 0.0311" axisangle="0 0 1 0.221" material="wood" mass="0.1"/>
    <geom name="rubble_782" type="box" size="0.050 0.050 0.0490" pos="6.234 1.390 0.0490" axisangle="0 0 1 0.197" material="wood" mass="0.1"/>
    <geom name="rubble_783" type="box" size="0.050 0.050 0.0327" pos="6.265 1.480 0.0327" axisangle="0 0 1 0.201" material="wood" mass="0.1"/>
    <geom name="rubble_784" type="box" size="0.050 0.050 0.0384" pos="6.231 1.606 0.0384" axisangle="0 0 1 -0.101" material="wood" mass="0.1"/>
    <geom name="rubble_785" type="box" size="0.050 0.050 0.0136" pos="6.241 1.718 0.0136" axisangle="0 0 1 -0.009" material="wood" mass="0.1"/>
    <geom name="rubble_786" type="box" size="0.050 0.050 0.0164" pos="6.236 1.790 0.0164" axisangle="0 0 1 0.211" material="wood" mass="0.1"/>
    <geom name="rubble_787" type="box" size="0.050 0.050 0.0267" pos="6.231 1.914 0.0267" axisangle="0 0 1 0.002" material="wood" mass="0.1"/>
    <geom name="rubble_788" type="box" size="0.050 0.050 0.0199" pos="6.246 1.982 0.0199" axisangle="0 0 1 -0.172" material="wood" mass="0.1"/>
    <geom name="rubble_789" type="box" size="0.050 0.050 0.0082" pos="6.250 2.112 0.0082" axisangle="0 0 1 -0.225" material="wood" mass="0.1"/>
    <geom name="rubble_790" type="box" size="0.050 0.050 0.0313" pos="6.259 2.188 0.0313" axisangle="0 0 1 -0.025" material="wood" mass="0.1"/>
    <geom name="rubble_791" type="box" size="0.050 0.050 0.0388" pos="6.265 2.289 0.0388" axisangle="0 0 1 0.104" material="wood" mass="0.1"/>
    <geom name="rubble_792" type="box" size="0.050 0.050 0.0462" pos="6.236 2.411 0.0462" axisangle="0 0 1 0.112" material="wood" mass="0.1"/>
    <geom name="rubble_793" type="box" size="0.050 0.050 0.0221" pos="6.250 2.502 0.0221" axisangle="0 0 1 -0.180" material="wood" mass="0.1"/>
    <geom name="rubble_794" type="box" size="0.050 0.050 0.0043" pos="6.256 2.592 0.0043" axisangle="0 0 1 0.241" material="wood" mass="0.1"/>
    <geom name="rubble_795" type="box" size="0.050 0.050 0.0087" pos="6.234 2.700 0.0087" axisangle="0 0 1 -0.038" material="wood" mass="0.1"/>
    <geom name="rubble_796" type="box" size="0.050 0.050 0.0182" pos="6.359 1.295 0.0182" axisangle="0 0 1 0.201" material="wood" mass="0.1"/>
    <geom name="rubble_797" type="box" size="0.050 0.050 0.0348" pos="6.341 1.406 0.0348" axisangle="0 0 1 -0.210" material="wood" mass="0.1"/>
    <geom name="rubble_798" type="box" size="0.050 0.050 0.0380" pos="6.365 1.509 0.0380" axisangle="0 0 1 0.093" material="wood" mass="0.1"/>
    <geom name="rubble_799" type="box" size="0.050 0.050 0.0356" pos="6.343 1.601 0.0356" axisangle="0 0 1 0.106" material="wood" mass="0.1"/>
    <geom name="rubble_800" type="box" size="0.050 0.050 0.0193" pos="6.342 1.718 0.0193" axisangle="0 0 1 -0.002" material="wood" mass="0.1"/>
    <geom name="rubble_801" type="box" size="0.050 0.050 0.0343" pos="6.366 1.789 0.0343" axisangle="0 0 1 -0.053" material="wood" mass="0.1"/>
    <geom name="rubble_802" type="box" size="0.050 0.050 0.0095" pos="6.338 1.889 0.0095" axisangle="0 0 1 0.201" material="wood" mass="0.1"/>
    <geom name="rubble_803" type="box" size="0.050 0.050 0.0149" pos="6.342 2.000 0.0149" axisangle="0 0 1 0.020" material="wood" mass="0.1"/>
    <geom name="rubble_804" type="box" size="0.050 0.050 0.0283" pos="6.344 2.106 0.0283" axisangle="0 0 1 -0.095" material="wood" mass="0.1"/>
    <geom name="rubble_805" type="box" size="0.050 0.050 0.0344" pos="6.338 2.198 0.0344" axisangle="0 0 1 -0.182" material="wood" mass="0.1"/>
    <geom name="rubble_806" type="box" size="0.050 0.050 0.0233" pos="6.361 2.309 0.0233" axisangle="0 0 1 -0.083" material="wood" mass="0.1"/>
    <geom name="rubble_807" type="box" size="0.050 0.050 0.0477" pos="6.336 2.402 0.0477" axisangle="0 0 1 0.214" material="wood" mass="0.1"/>
    <geom name="rubble_808" type="box" size="0.050 0.050 0.0218" pos="6.353 2.489 0.0218" axisangle="0 0 1 -0.175" material="wood" mass="0.1"/>
    <geom name="rubble_809" type="box" size="0.050 0.050 0.0257" pos="6.348 2.611 0.0257" axisangle="0 0 1 0.041" material="wood" mass="0.1"/>
    <geom name="rubble_810" type="box" size="0.050 0.050 0.0057" pos="6.364 2.690 0.0057" axisangle="0 0 1 0.060" material="wood" mass="0.1"/>
    <geom name="rubble_811" type="box" size="0.050 0.050 0.0283" pos="6.432 1.300 0.0283" axisangle="0 0 1 0.061" material="wood" mass="0.1"/>
    <geom name="rubble_812" type="box" size="0.050 0.050 0.0030" pos="6.448 1.419 0.0030" axisangle="0 0 1 -0.165" material="wood" mass="0.1"/>
    <geom name="rubble_813" type="box" size="0.050 0.050 0.0234" pos="6.449 1.483 0.0234" axisangle="0 0 1 0.208" material="wood" mass="0.1"/>
    <geom name="rubble_814" type="box" size="0.050 0.050 0.0237" pos="6.446 1.609 0.0237" axisangle="0 0 1 0.061" material="wood" mass="0.1"/>
    <geom name="rubble_815" type="box" size="0.050 0.050 0.0118" pos="6.456 1.704 0.0118" axisangle="0 0 1 -0.262" material="wood" mass="0.1"/>
    <geom name="rubble_816" type="box" size="0.050 0.050 0.0333" pos="6.468 1.796 0.0333" axisangle="0 0 1 -0.115" material="wood" mass="0.1"/>
    <geom name="rubble_817" type="box" size="0.050 0.050 0.0300" pos="6.450 1.906 0.0300" axisangle="0 0 1 -0.244" material="wood" mass="0.1"/>
    <geom name="rubble_818" type="box" size="0.050 0.050 0.0221" pos="6.466 2.011 0.0221" axisangle="0 0 1 -0.059" material="wood" mass="0.1"/>
    <geom name="rubble_819" type="box" size="0.050 0.050 0.0206" pos="6.461 2.092 0.0206" axisangle="0 0 1 0.246" material="wood" mass="0.1"/>
    <geom name="rubble_820" type="box" size="0.050 0.050 0.0093" pos="6.431 2.216 0.0093" axisangle="0 0 1 0.155" material="wood" mass="0.1"/>
    <geom name="rubble_821" type="box" size="0.050 0.050 0.0384" pos="6.467 2.293 0.0384" axisangle="0 0 1 -0.187" material="wood" mass="0.1"/>
    <geom name="rubble_822" type="box" size="0.050 0.050 0.0121" pos="6.446 2.412 0.0121" axisangle="0 0 1 -0.163" material="wood" mass="0.1"/>
    <geom name="rubble_823" type="box" size="0.050 0.050 0.0236" pos="6.443 2.504 0.0236" axisangle="0 0 1 -0.124" material="wood" mass="0.1"/>
    <geom name="rubble_824" type="box" size="0.050 0.050 0.0046" pos="6.457 2.611 0.0046" axisangle="0 0 1 -0.014" material="wood" mass="0.1"/>
    <geom name="rubble_825" type="box" size="0.050 0.050 0.0358" pos="6.442 2.716 0.0358" axisangle="0 0 1 0.248" material="wood" mass="0.1"/>
    <geom name="rubble_826" type="box" size="0.050 0.050 0.0084" pos="6.541 1.298 0.0084" axisangle="0 0 1 -0.108" material="wood" mass="0.1"/>
    <geom name="rubble_827" type="box" size="0.050 0.050 0.0134" pos="6.568 1.412 0.0134" axisangle="0 0 1 0.171" material="wood" mass="0.1"/>
    <geom name="rubble_828" type="box" size="0.050 0.050 0.0224" pos="6.532 1.505 0.0224" axisangle="0 0 1 0.245" material="wood" mass="0.1"/>
    <geom name="rubble_829" type="box" size="0.050 0.050 0.0083" pos="6.559 1.588 0.0083" axisangle="0 0 1 0.025" material="wood" mass="0.1"/>
    <geom name="rubble_830" type="box" size="0.050 0.050 0.0349" pos="6.568 1.697 0.0349" axisangle="0 0 1 -0.239" material="wood" mass="0.1"/>
    <geom name="rubble_831" type="box" size="0.050 0.050 0.0205" pos="6.558 1.808 0.0205" axisangle="0 0 1 -0.061" material="wood" mass="0.1"/>
    <geom name="rubble_832" type="box" size="0.050 0.050 0.0343" pos="6.559 1.884 0.0343" axisangle="0 0 1 -0.067" material="wood" mass="0.1"/>
    <geom name="rubble_833" type="box" size="0.050 0.050 0.0285" pos="6.550 1.994 0.0285" axisangle="0 0 1 0.140" material="wood" mass="0.1"/>
    <geom name="rubble_834" type="box" size="0.050 0.050 0.0066" pos="6.536 2.087 0.0066" axisangle="0 0 1 -0.124" material="wood" mass="0.1"/>
    <geom name="rubble_835" type="box" size="0.050 0.050 0.0169" pos="6.560 2.189 0.0169" axisangle="0 0 1 0.147" material="wood" mass="0.1"/>
    <geom name="rubble_836" type="box" size="0.050 0.050 0.0087" pos="6.533 2.302 0.0087" axisangle="0 0 1 0.082" material="wood" mass="0.1"/>
    <geom name="rubble_837" type="box" size="0.050 0.050 0.0159" pos="6.546 2.390 0.0159" axisangle="0 0 1 0.255" material="wood" mass="0.1"/>
    <geom name="rubble_838" type="box" size="0.050 0.050 0.0432" pos="6.549 2.508 0.0432" axisangle="0 0 1 0.017" material="wood" mass="0.1"/>
    <geom name="rubble_839" type="box" size="0.050 0.050 0.0299" pos="6.548 2.619 0.0299" axisangle="0 0 1 -0.108" material="wood" mass="0.1"/>
    <geom name="rubble_840" type="box" size="0.050 0.050 0.0479" pos="6.534 2.687 0.0479" axisangle="0 0 1 0.009" material="wood" mass="0.1"/>
    <geom name="rubble_841" type="box" size="0.050 0.050 0.0034" pos="6.655 1.303 0.0034" axisangle="0 0 1 -0.108" material="wood" mass="0.1"/>
    <geom name="rubble_842" type="box" size="0.050 0.050 0.0478" pos="6.657 1.408 0.0478" axisangle="0 0 1 -0.020" material="wood" mass="0.1"/>
    <geom name="rubble_843" type="box" size="0.050 0.050 0.0191" pos="6.633 1.493 0.0191" axisangle="0 0 1 0.054" material="wood" mass="0.1"/>
    <geom name="rubble_844" type="box" size="0.050 0.050 0.0487" pos="6.654 1.598 0.0487" axisangle="0 0 1 -0.144" material="wood" mass="0.1"/>
    <geom name="rubble_845" type="box" size="0.050 0.050 0.0443" pos="6.653 1.688 0.0443" axisangle="0 0 1 -0.206" material="wood" mass="0.1"/>
    <geom name="rubble_846" type="box" size="0.050 0.050 0.0100" pos="6.648 1.793 0.0100" axisangle="0 0 1 0.245" material="wood" mass="0.1"/>
    <geom name="rubble_847" type="box" size="0.050 0.050 0.0026" pos="6.651 1.905 0.0026" axisangle="0 0 1 -0.013" material="wood" mass="0.1"/>
    <geom name="rubble_848" type="box" size="0.050 0.050 0.0278" pos="6.664 1.986 0.0278" axisangle="0 0 1 -0.243" material="wood" mass="0.1"/>
    <geom name="rubble_849" type="box" size="0.050 0.050 0.0209" pos="6.647 2.113 0.0209" axisangle="0 0 1 -0.132" material="wood" mass="0.1"/>
    <geom name="rubble_850" type="box" size="0.050 0.050 0.0482" pos="6.631 2.210 0.0482" axisangle="0 0 1 -0.044" material="wood" mass="0.1"/>
    <geom name="rubble_851" type="box" size="0.050 0.050 0.0303" pos="6.666 2.304 0.0303" axisangle="0 0 1 0.050" material="wood" mass="0.1"/>
    <geom name="rubble_852" type="box" size="0.050 0.050 0.0450" pos="6.639 2.404 0.0450" axisangle="0 0 1 -0.136" material="wood" mass="0.1"/>
    <geom name="rubble_853" type="box" size="0.050 0.050 0.0257" pos="6.666 2.494 0.0257" axisangle="0 0 1 -0.134" material="wood" mass="0.1"/>
    <geom name="rubble_854" type="box" size="0.050 0.050 0.0496" pos="6.650 2.599 0.0496" axisangle="0 0 1 -0.018" material="wood" mass="0.1"/>
    <geom name="rubble_855" type="box" size="0.050 0.050 0.0401" pos="6.634 2.692 0.0401" axisangle="0 0 1 -0.075" material="wood" mass="0.1"/>
    <geom name="rubble_856" type="box" size="0.050 0.050 0.0102" pos="6.766 1.292 0.0102" axisangle="0 0 1 0.241" material="wood" mass="0.1"/>
    <geom name="rubble_857" type="box" size="0.050 0.050 0.0317" pos="6.759 1.406 0.0317" axisangle="0 0 1 0.015" material="wood" mass="0.1"/>
    <geom name="rubble_858" type="box" size="0.050 0.050 0.0331" pos="6.750 1.509 0.0331" axisangle="0 0 1 -0.255" material="wood" mass="0.1"/>
    <geom name="rubble_859" type="box" size="0.050 0.050 0.0261" pos="6.745 1.592 0.0261" axisangle="0 0 1 -0.013" material="wood" mass="0.1"/>
    <geom name="rubble_860" type="box" size="0.050 0.050 0.0261" pos="6.761 1.701 0.0261" axisangle="0 0 1 -0.187" material="wood" mass="0.1"/>
    <geom name="rubble_861" type="box" size="0.050 0.050 0.0241" pos="6.769 1.811 0.0241" axisangle="0 0 1 0.199" material="wood" mass="0.1"/>
    <geom name="rubble_862" type="box" size="0.050 0.050 0.0337" pos="6.765 1.914 0.0337" axisangle="0 0 1 0.124" material="wood" mass="0.1"/>
    <geom name="rubble_863" type="box" size="0.050 0.050 0.0148" pos="6.763 1.989 0.0148" axisangle="0 0 1 0.062" material="wood" mass="0.1"/>
    <geom name="rubble_864" type="box" size="0.050 0.050 0.0162" pos="6.746 2.082 0.0162" axisangle="0 0 1 0.033" material="wood" mass="0.1"/>
    <geom name="rubble_865" type="box" size="0.050 0.050 0.0195" pos="6.734 2.206 0.0195" axisangle="0 0 1 0.014" material="wood" mass="0.1"/>
    <geom name="rubble_866" type="box" size="0.050 0.050 0.0169" pos="6.762 2.320 0.0169" axisangle="0 0 1 0.228" material="wood" mass="0.1"/>
    <geom name="rubble_867" type="box" size="0.050 0.050 0.0094" pos="6.737 2.405 0.0094" axisangle="0 0 1 0.036" material="wood" mass="0.1"/>
    <geom name="rubble_868" type="box" size="0.050 0.050 0.0171" pos="6.738 2.482 0.0171" axisangle="0 0 1 -0.014" material="wood" mass="0.1"/>
    <geom name="rubble_869" type="box" size="0.050 0.050 0.0234" pos="6.755 2.606 0.0234" axisangle="0 0 1 0.130" material="wood" mass="0.1"/>
    <geom name="rubble_870" type="box" size="0.050 0.050 0.0025" pos="6.742 2.717 0.0025" axisangle="0 0 1 -0.238" material="wood" mass="0.1"/>
    <geom name="rubble_871" type="box" size="0.050 0.050 0.0184" pos="6.868 1.283 0.0184" axisangle="0 0 1 0.094" material="wood" mass="0.1"/>
    <geom name="rubble_872" type="box" size="0.050 0.050 0.0364" pos="6.864 1.380 0.0364" axisangle="0 0 1 -0.229" material="wood" mass="0.1"/>
    <geom name="rubble_873" type="box" size="0.050 0.050 0.0329" pos="6.833 1.493 0.0329" axisangle="0 0 1 0.251" material="wood" mass="0.1"/>
    <geom name="rubble_874" type="box" size="0.050 0.050 0.0048" pos="6.845 1.588 0.0048" axisangle="0 0 1 -0.215" material="wood" mass="0.1"/>
    <geom name="rubble_875" type="box" size="0.050 0.050 0.0134" pos="6.845 1.686 0.0134" axisangle="0 0 1 -0.194" material="wood" mass="0.1"/>
    <geom name="rubble_876" type="box" size="0.050 0.050 0.0124" pos="6.851 1.816 0.0124" axisangle="0 0 1 0.247" material="wood" mass="0.1"/>
    <geom name="rubble_877" type="box" size="0.050 0.050 0.0134" pos="6.838 1.892 0.0134" axisangle="0 0 1 0.034" material="wood" mass="0.1"/>
    <geom name="rubble_878" type="box" size="0.050 0.050 0.0098" pos="6.865 2.015 0.0098" axisangle="0 0 1 0.086" material="wood" mass="0.1"/>
    <geom name="rubble_879" type="box" size="0.050 0.050 0.0464" pos="6.836 2.090 0.0464" axisangle="0 0 1 0.093" material="wood" mass="0.1"/>
    <geom name="rubble_880" type="box" size="0.050 0.050 0.0470" pos="6.860 2.215 0.0470" axisangle="0 0 1 -0.231" material="wood" mass="0.1"/>
    <geom name="rubble_881" type="box" size="0.050 0.050 0.0443" pos="6.830 2.298 0.0443" axisangle="0 0 1 0.245" material="wood" mass="0.1"/>
    <geom name="rubble_882" type="box" size="0.050 0.050 0.0050" pos="6.830 2.383 0.0050" axisangle="0 0 1 -0.012" material="wood" mass="0.1"/>
    <geom name="rubble_883" type="box" size="0.050 0.050 0.0041" pos="6.837 2.487 0.0041" axisangle="0 0 1 -0.144" material="wood" mass="0.1"/>
    <geom name="rubble_884" type="box" size="0.050 0.050 0.0459" pos="6.835 2.612 0.0459" axisangle="0 0 1 -0.155" material="wood" mass="0.1"/>
    <geom name="rubble_885" type="box" size="0.050 0.050 0.0489" pos="6.839 2.698 0.0489" axisangle="0 0 1 0.225" material="wood" mass="0.1"/>
    <geom name="rubble_886" type="box" size="0.050 0.050 0.0248" pos="6.952 1.284 0.0248" axisangle="0 0 1 0.133" material="wood" mass="0.1"/>
    <geom name="rubble_887" type="box" size="0.050 0.050 0.0500" pos="6.948 1.396 0.0500" axisangle="0 0 1 -0.211" material="wood" mass="0.1"/>
    <geom name="rubble_888" type="box" size="0.050 0.050 0.0176" pos="6.951 1.515 0.0176" axisangle="0 0 1 0.039" material="wood" mass="0.1"/>
    <geom name="rubble_889" type="box" size="0.050 0.050 0.0439" pos="6.952 1.616 0.0439" axisangle="0 0 1 0.021" material="wood" mass="0.1"/>
    <geom name="rubble_890" type="box" size="0.050 0.050 0.0145" pos="6.961 1.715 0.0145" axisangle="0 0 1 -0.082" material="wood" mass="0.1"/>
    <geom name="rubble_891" type="box" size="0.050 0.050 0.0460" pos="6.940 1.794 0.0460" axisangle="0 0 1 0.248" material="wood" mass="0.1"/>
    <geom name="rubble_892" type="box" size="0.050 0.050 0.0220" pos="6.960 1.909 0.0220" axisangle="0 0 1 0.131" material="wood" mass="0.1"/>
    <geom name="rubble_893" type="box" size="0.050 0.050 0.0257" pos="6.936 2.005 0.0257" axisangle="0 0 1 -0.244" material="wood" mass="0.1"/>
    <geom name="rubble_894" type="box" size="0.050 0.050 0.0417" pos="6.958 2.110 0.0417" axisangle="0 0 1 -0.059" material="wood" mass="0.1"/>
    <geom name="rubble_895" type="box" size="0.050 0.050 0.0041" pos="6.966 2.193 0.0041" axisangle="0 0 1 0.035" material="wood" mass="0.1"/>
    <geom name="rubble_896" type="box" size="0.050 0.050 0.0198" pos="6.951 2.288 0.0198" axisangle="0 0 1 0.261" material="wood" mass="0.1"/>
    <geom name="rubble_897" type="box" size="0.050 0.050 0.0267" pos="6.933 2.383 0.0267" axisangle="0 0 1 -0.247" material="wood" mass="0.1"/>
    <geom name="rubble_898" type="box" size="0.050 0.050 0.0352" pos="6.940 2.495 0.0352" axisangle="0 0 1 -0.235" material="wood" mass="0.1"/>
    <geom name="rubble_899" type="box" size="0.050 0.050 0.0290" pos="6.938 2.597 0.0290" axisangle="0 0 1 0.124" material="wood" mass="0.1"/>
    <geom name="rubble_900" type="box" size="0.050 0.050 0.0242" pos="6.963 2.706 0.0242" axisangle="0 0 1 -0.248" material="wood" mass="0.1"/>
    <geom name="rubble_901" type="box" size="0.050 0.050 0.0399" pos="7.042 1.285 0.0399" axisangle="0 0 1 -0.196" material="wood" mass="0.1"/>
    <geom name="rubble_902" type="box" size="0.050 0.050 0.0177" pos="7.038 1.409 0.0177" axisangle="0 0 1 0.084" material="wood" mass="0.1"/>
    <geom name="rubble_903" type="box" size="0.050 0.050 0.0418" pos="7.070 1.518 0.0418" axisangle="0 0 1 0.247" material="wood" mass="0.1"/>
    <geom name="rubble_904" type="box" size="0.050 0.050 0.0300" pos="7.034 1.594 0.0300" axisangle="0 0 1 0.081" material="wood" mass="0.1"/>
    <geom name="rubble_905" type="box" size="0.050 0.050 0.0380" pos="7.052 1.703 0.0380" axisangle="0 0 1 -0.108" material="wood" mass="0.1"/>
    <geom name="rubble_906" type="box" size="0.050 0.050 0.0261" pos="7.048 1.808 0.0261" axisangle="0 0 1 0.091" material="wood" mass="0.1"/>
    <geom name="rubble_907" type="box" size="0.050 0.050 0.0255" pos="7.056 1.919 0.0255" axisangle="0 0 1 -0.251" material="wood" mass="0.1"/>
    <geom name="rubble_908" type="box" size="0.050 0.050 0.0104" pos="7.068 2.010 0.0104" axisangle="0 0 1 0.057" material="wood" mass="0.1"/>
    <geom name="rubble_909" type="box" size="0.050 0.050 0.0329" pos="7.031 2.114 0.0329" axisangle="0 0 1 0.170" material="wood" mass="0.1"/>
    <geom name="rubble_910" type="box" size="0.050 0.050 0.0131" pos="7.051 2.214 0.0131" axisangle="0 0 1 0.182" material="wood" mass="0.1"/>
    <geom name="rubble_911" type="box" size="0.050 0.050 0.0295" pos="7.052 2.284 0.0295" axisangle="0 0 1 0.169" material="wood" mass="0.1"/>
    <geom name="rubble_912" type="box" size="0.050 0.050 0.0491" pos="7.065 2.405 0.0491" axisangle="0 0 1 -0.179" material="wood" mass="0.1"/>
    <geom name="rubble_913" type="box" size="0.050 0.050 0.0407" pos="7.030 2.514 0.0407" axisangle="0 0 1 -0.000" material="wood" mass="0.1"/>
    <geom name="rubble_914" type="box" size="0.050 0.050 0.0349" pos="7.041 2.599 0.0349" axisangle="0 0 1 -0.255" material="wood" mass="0.1"/>
    <geom name="rubble_915" type="box" size="0.050 0.050 0.0476" pos="7.061 2.700 0.0476" axisangle="0 0 1 0.080" material="wood" mass="0.1"/>
    <geom name="rubble_916" type="box" size="0.050 0.050 0.0293" pos="7.148 1.281 0.0293" axisangle="0 0 1 -0.094" material="wood" mass="0.1"/>
    <geom name="rubble_917" type="box" size="0.050 0.050 0.0477" pos="7.130 1.406 0.0477" axisangle="0 0 1 -0.249" material="wood" mass="0.1"/>
    <geom name="rubble_918" type="box" size="0.050 0.050 0.0239" pos="7.137 1.514 0.0239" axisangle="0 0 1 0.067" material="wood" mass="0.1"/>
    <geom name="rubble_919" type="box" size="0.050 0.050 0.0241" pos="7.131 1.584 0.0241" axisangle="0 0 1 0.184" material="wood" mass="0.1"/>
    <geom name="rubble_920" type="box" size="0.050 0.050 0.0055" pos="7.152 1.706 0.0055" axisangle="0 0 1 -0.255" material="wood" mass="0.1"/>
    <geom name="rubble_921" type="box" size="0.050 0.050 0.0400" pos="7.169 1.806 0.0400" axisangle="0 0 1 0.041" material="wood" mass="0.1"/>
    <geom name="rubble_922" type="box" size="0.050 0.050 0.0179" pos="7.132 1.894 0.0179" axisangle="0 0 1 0.135" material="wood" mass="0.1"/>
    <geom name="rubble_923" type="box" size="0.050 0.050 0.0217" pos="7.158 1.988 0.0217" axisangle="0 0 1 0.219" material="wood" mass="0.1"/>
    <geom name="rubble_924" type="box" size="0.050 0.050 0.0238" pos="7.133 2.082 0.0238" axisangle="0 0 1 0.125" material="wood" mass="0.1"/>
    <geom name="rubble_925" type="box" size="0.050 0.050 0.0054" pos="7.153 2.188 0.0054" axisangle="0 0 1 0.065" material="wood" mass="0.1"/>
    <geom name="rubble_926" type="box" size="0.050 0.050 0.0463" pos="7.147 2.306 0.0463" axisangle="0 0 1 -0.083" material="wood" mass="0.1"/>
    <geom name="rubble_927" type="box" size="0.050 0.050 0.0158" pos="7.162 2.382 0.0158" axisangle="0 0 1 0.024" material="wood" mass="0.1"/>
    <geom name="rubble_928" type="box" size="0.050 0.050 0.0451" pos="7.162 2.518 0.0451" axisangle="0 0 1 0.153" material="wood" mass="0.1"/>
    <geom name="rubble_929" type="box" size="0.050 0.050 0.0498" pos="7.141 2.611 0.0498" axisangle="0 0 1 -0.149" material="wood" mass="0.1"/>
    <geom name="rubble_930" type="box" size="0.050 0.050 0.0295" pos="7.167 2.702 0.0295" axisangle="0 0 1 -0.098" material="wood" mass="0.1"/>
    <geom name="rubble_931" type="box" size="0.050 0.050 0.0285" pos="7.241 1.318 0.0285" axisangle="0 0 1 -0.157" material="wood" mass="0.1"/>
    <geom name="rubble_932" type="box" size="0.050 0.050 0.0450" pos="7.249 1.387 0.0450" axisangle="0 0 1 -0.168" material="wood" mass="0.1"/>
    <geom name="rubble_933" type="box" size="0.050 0.050 0.0478" pos="7.246 1.498 0.0478" axisangle="0 0 1 -0.211" material="wood" mass="0.1"/>
    <geom name="rubble_934" type="box" size="0.050 0.050 0.0454" pos="7.254 1.588 0.0454" axisangle="0 0 1 -0.133" material="wood" mass="0.1"/>
    <geom name="rubble_935" type="box" size="0.050 0.050 0.0298" pos="7.240 1.718 0.0298" axisangle="0 0 1 -0.144" material="wood" mass="0.1"/>
    <geom name="rubble_936" type="box" size="0.050 0.050 0.0246" pos="7.268 1.795 0.0246" axisangle="0 0 1 0.255" material="wood" mass="0.1"/>
    <geom name="rubble_937" type="box" size="0.050 0.050 0.0283" pos="7.259 1.908 0.0283" axisangle="0 0 1 0.258" material="wood" mass="0.1"/>
    <geom name="rubble_938" type="box" size="0.050 0.050 0.0150" pos="7.234 1.998 0.0150" axisangle="0 0 1 -0.040" material="wood" mass="0.1"/>
    <geom name="rubble_939" type="box" size="0.050 0.050 0.0063" pos="7.258 2.102 0.0063" axisangle="0 0 1 -0.214" material="wood" mass="0.1"/>
    <geom name="rubble_940" type="box" size="0.050 0.050 0.0105" pos="7.246 2.191 0.0105" axisangle="0 0 1 -0.219" material="wood" mass="0.1"/>
    <geom name="rubble_941" type="box" size="0.050 0.050 0.0378" pos="7.251 2.310 0.0378" axisangle="0 0 1 -0.040" material="wood" mass="0.1"/>
    <geom name="rubble_942" type="box" size="0.050 0.050 0.0392" pos="7.258 2.393 0.0392" axisangle="0 0 1 0.207" material="wood" mass="0.1"/>
    <geom name="rubble_943" type="box" size="0.050 0.050 0.0281" pos="7.245 2.506 0.0281" axisangle="0 0 1 0.112" material="wood" mass="0.1"/>
    <geom name="rubble_944" type="box" size="0.050 0.050 0.0438" pos="7.259 2.616 0.0438" axisangle="0 0 1 0.163" material="wood" mass="0.1"/>
    <geom name="rubble_945" type="box" size="0.050 0.050 0.0363" pos="7.261 2.718 0.0363" axisangle="0 0 1 -0.170" material="wood" mass="0.1"/>
    <geom name="rubble_946" type="box" size="0.050 0.050 0.0253" pos="7.357 1.309 0.0253" axisangle="0 0 1 0.135" material="wood" mass="0.1"/>
    <geom name="rubble_947" type="box" size="0.050 0.050 0.0272" pos="7.357 1.406 0.0272" axisangle="0 0 1 -0.080" material="wood" mass="0.1"/>
    <geom name="rubble_948" type="box" size="0.050 0.050 0.0234" pos="7.337 1.513 0.0234" axisangle="0 0 1 0.034" material="wood" mass="0.1"/>
    <geom name="rubble_949" type="box" size="0.050 0.050 0.0275" pos="7.368 1.585 0.0275" axisangle="0 0 1 -0.233" material="wood" mass="0.1"/>
    <geom name="rubble_950" type="box" size="0.050 0.050 0.0293" pos="7.330 1.685 0.0293" axisangle="0 0 1 -0.024" material="wood" mass="0.1"/>
    <geom name="rubble_951" type="box" size="0.050 0.050 0.0341" pos="7.369 1.804 0.0341" axisangle="0 0 1 -0.051" material="wood" mass="0.1"/>
    <geom name="rubble_952" type="box" size="0.050 0.050 0.0051" pos="7.337 1.900 0.0051" axisangle="0 0 1 -0.192" material="wood" mass="0.1"/>
    <geom name="rubble_953" type="box" size="0.050 0.050 0.0484" pos="7.333 2.014 0.0484" axisangle="0 0 1 0.138" material="wood" mass="0.1"/>
    <geom name="rubble_954" type="box" size="0.050 0.050 0.0290" pos="7.342 2.114 0.0290" axisangle="0 0 1 0.009" material="wood" mass="0.1"/>
    <geom name="rubble_955" type="box" size="0.050 0.050 0.0298" pos="7.349 2.200 0.0298" axisangle="0 0 1 -0.074" material="wood" mass="0.1"/>
    <geom name="rubble_956" type="box" size="0.050 0.050 0.0371" pos="7.364 2.318 0.0371" axisangle="0 0 1 0.255" material="wood" mass="0.1"/>
    <geom name="rubble_957" type="box" size="0.050 0.050 0.0111" pos="7.345 2.389 0.0111" axisangle="0 0 1 0.167" material="wood" mass="0.1"/>
    <geom name="rubble_958" type="box" size="0.050 0.050 0.0155" pos="7.350 2.483 0.0155" axisangle="0 0 1 0.239" material="wood" mass="0.1"/>
    <geom name="rubble_959" type="box" size="0.050 0.050 0.0343" pos="7.348 2.583 0.0343" axisangle="0 0 1 0.250" material="wood" mass="0.1"/>
    <geom name="rubble_960" type="box" size="0.050 0.050 0.0032" pos="7.348 2.685 0.0032" axisangle="0 0 1 0.059" material="wood" mass="0.1"/>
    <geom name="rubble_961" type="box" size="0.050 0.050 0.0095" pos="7.434 1.282 0.0095" axisangle="0 0 1 -0.060" material="wood" mass="0.1"/>
    <geom name="rubble_962" type="box" size="0.050 0.050 0.0469" pos="7.442 1.395 0.0469" axisangle="0 0 1 -0.184" material="wood" mass="0.1"/>
    <geom name="rubble_963" type="box" size="0.050 0.050 0.0290" pos="7.448 1.491 0.0290" axisangle="0 0 1 -0.084" material="wood" mass="0.1"/>
    <geom name="rubble_964" type="box" size="0.050 0.050 0.0110" pos="7.430 1.600 0.0110" axisangle="0 0 1 0.213" material="wood" mass="0.1"/>
    <geom name="rubble_965" type="box" size="0.050 0.050 0.0408" pos="7.435 1.694 0.0408" axisangle="0 0 1 -0.020" material="wood" mass="0.1"/>
    <geom name="rubble_966" type="box" size="0.050 0.050 0.0284" pos="7.458 1.802 0.0284" axisangle="0 0 1 0.259" material="wood" mass="0.1"/>
    <geom name="rubble_967" type="box" size="0.050 0.050 0.0352" pos="7.455 1.894 0.0352" axisangle="0 0 1 -0.200" material="wood" mass="0.1"/>
    <geom name="rubble_968" type="box" size="0.050 0.050 0.0203" pos="7.438 2.003 0.0203" axisangle="0 0 1 0.160" material="wood" mass="0.1"/>
    <geom name="rubble_969" type="box" size="0.050 0.050 0.0370" pos="7.436 2.101 0.0370" axisangle="0 0 1 -0.228" material="wood" mass="0.1"/>
    <geom name="rubble_970" type="box" size="0.050 0.050 0.0190" pos="7.460 2.208 0.0190" axisangle="0 0 1 -0.253" material="wood" mass="0.1"/>
    <geom name="rubble_971" type="box" size="0.050 0.050 0.0060" pos="7.461 2.310 0.0060" axisangle="0 0 1 0.027" material="wood" mass="0.1"/>
    <geom name="rubble_972" type="box" size="0.050 0.050 0.0086" pos="7.463 2.380 0.0086" axisangle="0 0 1 0.126" material="wood" mass="0.1"/>
    <geom name="rubble_973" type="box" size="0.050 0.050 0.0040" pos="7.469 2.511 0.0040" axisangle="0 0 1 0.222" material="wood" mass="0.1"/>
    <geom name="rubble_974" type="box" size="0.050 0.050 0.0437" pos="7.458 2.604 0.0437" axisangle="0 0 1 0.190" material="wood" mass="0.1"/>
    <geom name="rubble_975" type="box" size="0.050 0.050 0.0116" pos="7.437 2.707 0.0116" axisangle="0 0 1 -0.180" material="wood" mass="0.1"/>
    <geom name="rubble_976" type="box" size="0.050 0.050 0.0055" pos="7.544 1.305 0.0055" axisangle="0 0 1 -0.132" material="wood" mass="0.1"/>
    <geom name="rubble_977" type="box" size="0.050 0.050 0.0079" pos="7.567 1.382 0.0079" axisangle="0 0 1 -0.012" material="wood" mass="0.1"/>
    <geom name="rubble_978" type="box" size="0.050 0.050 0.0196" pos="7.538 1.518 0.0196" axisangle="0 0 1 0.220" material="wood" mass="0.1"/>
    <geom name="rubble_979" type="box" size="0.050 0.050 0.0320" pos="7.562 1.583 0.0320" axisangle="0 0 1 0.104" material="wood" mass="0.1"/>
    <geom name="rubble_980" type="box" size="0.050 0.050 0.0087" pos="7.550 1.717 0.0087" axisangle="0 0 1 -0.225" material="wood" mass="0.1"/>
    <geom name="rubble_981" type="box" size="0.050 0.050 0.0393" pos="7.547 1.781 0.0393" axisangle="0 0 1 0.215" material="wood" mass="0.1"/>
    <geom name="rubble_982" type="box" size="0.050 0.050 0.0125" pos="7.554 1.913 0.0125" axisangle="0 0 1 -0.248" material="wood" mass="0.1"/>
    <geom name="rubble_983" type="box" size="0.050 0.050 0.0217" pos="7.533 2.002 0.0217" axisangle="0 0 1 -0.205" material="wood" mass="0.1"/>
    <geom name="rubble_984" type="box" size="0.050 0.050 0.0460" pos="7.562 2.100 0.0460" axisangle="0 0 1 0.102" material="wood" mass="0.1"/>
    <geom name="rubble_985" type="box" size="0.050 0.050 0.0153" pos="7.566 2.198 0.0153" axisangle="0 0 1 -0.126" material="wood" mass="0.1"/>
    <geom name="rubble_986" type="box" size="0.050 0.050 0.0207" pos="7.541 2.292 0.0207" axisangle="0 0 1 0.198" material="wood" mass="0.1"/>
    <geom name="rubble_987" type="box" size="0.050 0.050 0.0321" pos="7.557 2.399 0.0321" axisangle="0 0 1 0.069" material="wood" mass="0.1"/>
    <geom name="rubble_988" type="box" size="0.050 0.050 0.0356" pos="7.540 2.487 0.0356" axisangle="0 0 1 -0.232" material="wood" mass="0.1"/>
    <geom name="rubble_989" type="box" size="0.050 0.050 0.0344" pos="7.532 2.594 0.0344" axisangle="0 0 1 -0.194" material="wood" mass="0.1"/>
    <geom name="rubble_990" type="box" size="0.050 0.050 0.0062" pos="7.541 2.717 0.0062" axisangle="0 0 1 -0.145" material="wood" mass="0.1"/>
    <geom name="rubble_991" type="box" size="0.050 0.050 0.0182" pos="7.659 1.281 0.0182" axisangle="0 0 1 0.046" material="wood" mass="0.1"/>
    <geom name="rubble_992" type="box" size="0.050 0.050 0.0101" pos="7.653 1.404 0.0101" axisangle="0 0 1 -0.214" material="wood" mass="0.1"/>
    <geom name="rubble_993" type="box" size="0.050 0.050 0.0232" pos="7.643 1.512 0.0232" axisangle="0 0 1 0.006" material="wood" mass="0.1"/>
    <geom name="rubble_994" type="box" size="0.050 0.050 0.0145" pos="7.660 1.590 0.0145" axisangle="0 0 1 -0.035" material="wood" mass="0.1"/>
    <geom name="rubble_995" type="box" size="0.050 0.050 0.0092" pos="7.662 1.698 0.0092" axisangle="0 0 1 -0.013" material="wood" mass="0.1"/>
    <geom name="rubble_996" type="box" size="0.050 0.050 0.0432" pos="7.640 1.799 0.0432" axisangle="0 0 1 0.071" material="wood" mass="0.1"/>
    <geom name="rubble_997" type="box" size="0.050 0.050 0.0158" pos="7.664 1.915 0.0158" axisangle="0 0 1 -0.126" material="wood" mass="0.1"/>
    <geom name="rubble_998" type="box" size="0.050 0.050 0.0136" pos="7.644 1.980 0.0136" axisangle="0 0 1 -0.031" material="wood" mass="0.1"/>
    <geom name="rubble_999" type="box" size="0.050 0.050 0.0085" pos="7.640 2.094 0.0085" axisangle="0 0 1 -0.198" material="wood" mass="0.1"/>
    <geom name="rubble_1000" type="box" size="0.050 0.050 0.0466" pos="7.635 2.196 0.0466" axisangle="0 0 1 0.125" material="wood" mass="0.1"/>
    <geom name="rubble_1001" type="box" size="0.050 0.050 0.0353" pos="7.666 2.313 0.0353" axisangle="0 0 1 -0.230" material="wood" mass="0.1"/>
    <geom name="rubble_1002" type="box" size="0.050 0.050 0.0328" pos="7.658 2.407 0.0328" axisangle="0 0 1 0.140" material="wood" mass="0.1"/>
    <geom name="rubble_1003" type="box" size="0.050 0.050 0.0410" pos="7.633 2.492 0.0410" axisangle="0 0 1 -0.102" material="wood" mass="0.1"/>
    <geom name="rubble_1004" type="box" size="0.050 0.050 0.0391" pos="7.634 2.608 0.0391" axisangle="0 0 1 -0.086" material="wood" mass="0.1"/>
    <geom name="rubble_1005" type="box" size="0.050 0.050 0.0095" pos="7.643 2.685 0.0095" axisangle="0 0 1 -0.224" material="wood" mass="0.1"/>
    <geom name="rubble_1006" type="box" size="0.050 0.050 0.0471" pos="7.756 1.308 0.0471" axisangle="0 0 1 0.234" material="wood" mass="0.1"/>
    <geom name="rubble_1007" type="box" size="0.050 0.050 0.0494" pos="7.763 1.414 0.0494" axisangle="0 0 1 -0.224" material="wood" mass="0.1"/>
    <geom name="rubble_1008" type="box" size="0.050 0.050 0.0026" pos="7.755 1.493 0.0026" axisangle="0 0 1 -0.136" material="wood" mass="0.1"/>
    <geom name="rubble_1009" type="box" size="0.050 0.050 0.0058" pos="7.757 1.587 0.0058" axisangle="0 0 1 0.173" material="wood" mass="0.1"/>
    <geom name="rubble_1010" type="box" size="0.050 0.050 0.0123" pos="7.751 1.709 0.0123" axisangle="0 0 1 0.098" material="wood" mass="0.1"/>
    <geom name="rubble_1011" type="box" size="0.050 0.050 0.0154" pos="7.731 1.781 0.0154" axisangle="0 0 1 -0.191" material="wood" mass="0.1"/>
    <geom name="rubble_1012" type="box" size="0.050 0.050 0.0120" pos="7.731 1.881 0.0120" axisangle="0 0 1 -0.210" material="wood" mass="0.1"/>
    <geom name="rubble_1013" type="box" size="0.050 0.050 0.0443" pos="7.731 2.009 0.0443" axisangle="0 0 1 -0.254" material="wood" mass="0.1"/>
    <geom name="rubble_1014" type="box" size="0.050 0.050 0.0078" pos="7.767 2.105 0.0078" axisangle="0 0 1 0.161" material="wood" mass="0.1"/>
    <geom name="rubble_1015" type="box" size="0.050 0.050 0.0322" pos="7.749 2.194 0.0322" axisangle="0 0 1 0.204" material="wood" mass="0.1"/>
    <geom name="rubble_1016" type="box" size="0.050 0.050 0.0217" pos="7.755 2.306 0.0217" axisangle="0 0 1 0.177" material="wood" mass="0.1"/>
    <geom name="rubble_1017" type="box" size="0.050 0.050 0.0314" pos="7.755 2.415 0.0314" axisangle="0 0 1 -0.068" material="wood" mass="0.1"/>
    <geom name="rubble_1018" type="box" size="0.050 0.050 0.0489" pos="7.751 2.498 0.0489" axisangle="0 0 1 0.237" material="wood" mass="0.1"/>
    <geom name="rubble_1019" type="box" size="0.050 0.050 0.0415" pos="7.753 2.595 0.0415" axisangle="0 0 1 -0.157" material="wood" mass="0.1"/>
    <geom name="rubble_1020" type="box" size="0.050 0.050 0.0099" pos="7.761 2.709 0.0099" axisangle="0 0 1 -0.261" material="wood" mass="0.1"/>
    <geom name="rubble_1021" type="box" size="0.050 0.050 0.0423" pos="7.844 1.287 0.0423" axisangle="0 0 1 0.144" material="wood" mass="0.1"/>
    <geom name="rubble_1022" type="box" size="0.050 0.050 0.0341" pos="7.865 1.397 0.0341" axisangle="0 0 1 -0.024" material="wood" mass="0.1"/>
    <geom name="rubble_1023" type="box" size="0.050 0.050 0.0195" pos="7.831 1.492 0.0195" axisangle="0 0 1 0.022" material="wood" mass="0.1"/>
    <geom name="rubble_1024" type="box" size="0.050 0.050 0.0085" pos="7.849 1.614 0.0085" axisangle="0 0 1 0.115" material="wood" mass="0.1"/>
    <geom name="rubble_1025" type="box" size="0.050 0.050 0.0298" pos="7.833 1.718 0.0298" axisangle="0 0 1 0.150" material="wood" mass="0.1"/>
    <geom name="rubble_1026" type="box" size="0.050 0.050 0.0204" pos="7.850 1.812 0.0204" axisangle="0 0 1 0.174" material="wood" mass="0.1"/>
    <geom name="rubble_1027" type="box" size="0.050 0.050 0.0490" pos="7.836 1.909 0.0490" axisangle="0 0 1 0.177" material="wood" mass="0.1"/>
    <geom name="rubble_1028" type="box" size="0.050 0.050 0.0090" pos="7.869 2.006 0.0090" axisangle="0 0 1 -0.059" material="wood" mass="0.1"/>
    <geom name="rubble_1029" type="box" size="0.050 0.050 0.0334" pos="7.836 2.082 0.0334" axisangle="0 0 1 0.130" material="wood" mass="0.1"/>
    <geom name="rubble_1030" type="box" size="0.050 0.050 0.0186" pos="7.863 2.209 0.0186" axisangle="0 0 1 -0.143" material="wood" mass="0.1"/>
    <geom name="rubble_1031" type="box" size="0.050 0.050 0.0366" pos="7.858 2.290 0.0366" axisangle="0 0 1 -0.193" material="wood" mass="0.1"/>
    <geom name="rubble_1032" type="box" size="0.050 0.050 0.0446" pos="7.864 2.384 0.0446" axisangle="0 0 1 0.152" material="wood" mass="0.1"/>
    <geom name="rubble_1033" type="box" size="0.050 0.050 0.0036" pos="7.851 2.487 0.0036" axisangle="0 0 1 -0.125" material="wood" mass="0.1"/>
    <geom name="rubble_1034" type="box" size="0.050 0.050 0.0253" pos="7.851 2.613 0.0253" axisangle="0 0 1 0.141" material="wood" mass="0.1"/>
    <geom name="rubble_1035" type="box" size="0.050 0.050 0.0317" pos="7.849 2.709 0.0317" axisangle="0 0 1 -0.056" material="wood" mass="0.1"/>
    <geom name="rubble_1036" type="box" size="0.050 0.050 0.0169" pos="7.940 1.301 0.0169" axisangle="0 0 1 0.254" material="wood" mass="0.1"/>
    <geom name="rubble_1037" type="box" size="0.050 0.050 0.0388" pos="7.950 1.401 0.0388" axisangle="0 0 1 -0.154" material="wood" mass="0.1"/>
    <geom name="rubble_1038" type="box" size="0.050 0.050 0.0236" pos="7.946 1.514 0.0236" axisangle="0 0 1 -0.038" material="wood" mass="0.1"/>
    <geom name="rubble_1039" type="box" size="0.050 0.050 0.0060" pos="7.956 1.607 0.0060" axisangle="0 0 1 0.103" material="wood" mass="0.1"/>
    <geom name="rubble_1040" type="box" size="0.050 0.050 0.0485" pos="7.937 1.704 0.0485" axisangle="0 0 1 -0.198" material="wood" mass="0.1"/>
    <geom name="rubble_1041" type="box" size="0.050 0.050 0.0310" pos="7.965 1.780 0.0310" axisangle="0 0 1 -0.163" material="wood" mass="0.1"/>
    <geom name="rubble_1042" type="box" size="0.050 0.050 0.0307" pos="7.945 1.889 0.0307" axisangle="0 0 1 -0.033" material="wood" mass="0.1"/>
    <geom name="rubble_1043" type="box" size="0.050 0.050 0.0331" pos="7.961 2.014 0.0331" axisangle="0 0 1 -0.241" material="wood" mass="0.1"/>
    <geom name="rubble_1044" type="box" size="0.050 0.050 0.0054" pos="7.969 2.089 0.0054" axisangle="0 0 1 -0.108" material="wood" mass="0.1"/>
    <geom name="rubble_1045" type="box" size="0.050 0.050 0.0291" pos="7.963 2.201 0.0291" axisangle="0 0 1 -0.259" material="wood" mass="0.1"/>
    <geom name="rubble_1046" type="box" size="0.050 0.050 0.0361" pos="7.943 2.287 0.0361" axisangle="0 0 1 0.219" material="wood" mass="0.1"/>
    <geom name="rubble_1047" type="box" size="0.050 0.050 0.0262" pos="7.936 2.382 0.0262" axisangle="0 0 1 -0.067" material="wood" mass="0.1"/>
    <geom name="rubble_1048" type="box" size="0.050 0.050 0.0402" pos="7.961 2.499 0.0402" axisangle="0 0 1 -0.171" material="wood" mass="0.1"/>
    <geom name="rubble_1049" type="box" size="0.050 0.050 0.0287" pos="7.942 2.581 0.0287" axisangle="0 0 1 0.155" material="wood" mass="0.1"/>
    <geom name="rubble_1050" type="box" size="0.050 0.050 0.0177" pos="7.935 2.684 0.0177" axisangle="0 0 1 -0.228" material="wood" mass="0.1"/>
    <geom name="rubble_1051" type="box" size="0.050 0.050 0.0160" pos="8.069 1.288 0.0160" axisangle="0 0 1 -0.175" material="wood" mass="0.1"/>
    <geom name="rubble_1052" type="box" size="0.050 0.050 0.0124" pos="8.051 1.399 0.0124" axisangle="0 0 1 -0.002" material="wood" mass="0.1"/>
    <geom name="rubble_1053" type="box" size="0.050 0.050 0.0093" pos="8.057 1.481 0.0093" axisangle="0 0 1 0.200" material="wood" mass="0.1"/>
    <geom name="rubble_1054" type="box" size="0.050 0.050 0.0278" pos="8.049 1.612 0.0278" axisangle="0 0 1 0.173" material="wood" mass="0.1"/>
    <geom name="rubble_1055" type="box" size="0.050 0.050 0.0463" pos="8.030 1.691 0.0463" axisangle="0 0 1 -0.039" material="wood" mass="0.1"/>
    <geom name="rubble_1056" type="box" size="0.050 0.050 0.0439" pos="8.070 1.789 0.0439" axisangle="0 0 1 -0.207" material="wood" mass="0.1"/>
    <geom name="rubble_1057" type="box" size="0.050 0.050 0.0082" pos="8.042 1.894 0.0082" axisangle="0 0 1 0.135" material="wood" mass="0.1"/>
    <geom name="rubble_1058" type="box" size="0.050 0.050 0.0485" pos="8.047 1.994 0.0485" axisangle="0 0 1 -0.087" material="wood" mass="0.1"/>
    <geom name="rubble_1059" type="box" size="0.050 0.050 0.0042" pos="8.038 2.115 0.0042" axisangle="0 0 1 0.179" material="wood" mass="0.1"/>
    <geom name="rubble_1060" type="box" size="0.050 0.050 0.0141" pos="8.044 2.195 0.0141" axisangle="0 0 1 -0.094" material="wood" mass="0.1"/>
    <geom name="rubble_1061" type="box" size="0.050 0.050 0.0161" pos="8.058 2.295 0.0161" axisangle="0 0 1 0.240" material="wood" mass="0.1"/>
    <geom name="rubble_1062" type="box" size="0.050 0.050 0.0138" pos="8.032 2.385 0.0138" axisangle="0 0 1 -0.223" material="wood" mass="0.1"/>
    <geom name="rubble_1063" type="box" size="0.050 0.050 0.0398" pos="8.046 2.482 0.0398" axisangle="0 0 1 -0.108" material="wood" mass="0.1"/>
    <geom name="rubble_1064" type="box" size="0.050 0.050 0.0204" pos="8.051 2.595 0.0204" axisangle="0 0 1 0.099" material="wood" mass="0.1"/>
    <geom name="rubble_1065" type="box" size="0.050 0.050 0.0133" pos="8.037 2.687 0.0133" axisangle="0 0 1 -0.221" material="wood" mass="0.1"/>
    <geom name="rubble_1066" type="box" size="0.050 0.050 0.0103" pos="8.144 1.281 0.0103" axisangle="0 0 1 -0.046" material="wood" mass="0.1"/>
    <geom name="rubble_1067" type="box" size="0.050 0.050 0.0354" pos="8.134 1.396 0.0354" axisangle="0 0 1 0.071" material="wood" mass="0.1"/>
    <geom name="rubble_1068" type="box" size="0.050 0.050 0.0331" pos="8.152 1.494 0.0331" axisangle="0 0 1 -0.095" material="wood" mass="0.1"/>
    <geom name="rubble_1069" type="box" size="0.050 0.050 0.0469" pos="8.169 1.617 0.0469" axisangle="0 0 1 -0.156" material="wood" mass="0.1"/>
    <geom name="rubble_1070" type="box" size="0.050 0.050 0.0401" pos="8.137 1.685 0.0401" axisangle="0 0 1 0.092" material="wood" mass="0.1"/>
    <geom name="rubble_1071" type="box" size="0.050 0.050 0.0029" pos="8.138 1.800 0.0029" axisangle="0 0 1 -0.098" material="wood" mass="0.1"/>
    <geom name="rubble_1072" type="box" size="0.050 0.050 0.0055" pos="8.133 1.905 0.0055" axisangle="0 0 1 -0.195" material="wood" mass="0.1"/>
    <geom name="rubble_1073" type="box" size="0.050 0.050 0.0050" pos="8.163 1.983 0.0050" axisangle="0 0 1 0.243" material="wood" mass="0.1"/>
    <geom name="rubble_1074" type="box" size="0.050 0.050 0.0215" pos="8.131 2.105 0.0215" axisangle="0 0 1 -0.064" material="wood" mass="0.1"/>
    <geom name="rubble_1075" type="box" size="0.050 0.050 0.0244" pos="8.132 2.195 0.0244" axisangle="0 0 1 0.033" material="wood" mass="0.1"/>
    <geom name="rubble_1076" type="box" size="0.050 0.050 0.0284" pos="8.135 2.303 0.0284" axisangle="0 0 1 -0.040" material="wood" mass="0.1"/>
    <geom name="rubble_1077" type="box" size="0.050 0.050 0.0305" pos="8.142 2.407 0.0305" axisangle="0 0 1 -0.140" material="wood" mass="0.1"/>
    <geom name="rubble_1078" type="box" size="0.050 0.050 0.0332" pos="8.131 2.483 0.0332" axisangle="0 0 1 0.063" material="wood" mass="0.1"/>
    <geom name="rubble_1079" type="box" size="0.050 0.050 0.0030" pos="8.168 2.602 0.0030" axisangle="0 0 1 0.062" material="wood" mass="0.1"/>
    <geom name="rubble_1080" type="box" size="0.050 0.050 0.0298" pos="8.136 2.691 0.0298" axisangle="0 0 1 0.082" material="wood" mass="0.1"/>
    <geom name="rubble_1081" type="box" size="0.050 0.050 0.0321" pos="8.268 1.281 0.0321" axisangle="0 0 1 -0.253" material="wood" mass="0.1"/>
    <geom name="rubble_1082" type="box" size="0.050 0.050 0.0338" pos="8.260 1.401 0.0338" axisangle="0 0 1 0.056" material="wood" mass="0.1"/>
    <geom name="rubble_1083" type="box" size="0.050 0.050 0.0431" pos="8.263 1.507 0.0431" axisangle="0 0 1 -0.084" material="wood" mass="0.1"/>
    <geom name="rubble_1084" type="box" size="0.050 0.050 0.0176" pos="8.236 1.617 0.0176" axisangle="0 0 1 -0.002" material="wood" mass="0.1"/>
    <geom name="rubble_1085" type="box" size="0.050 0.050 0.0299" pos="8.240 1.704 0.0299" axisangle="0 0 1 0.151" material="wood" mass="0.1"/>
    <geom name="rubble_1086" type="box" size="0.050 0.050 0.0229" pos="8.269 1.789 0.0229" axisangle="0 0 1 0.004" material="wood" mass="0.1"/>
    <geom name="rubble_1087" type="box" size="0.050 0.050 0.0186" pos="8.269 1.884 0.0186" axisangle="0 0 1 -0.179" material="wood" mass="0.1"/>
    <geom name="rubble_1088" type="box" size="0.050 0.050 0.0158" pos="8.234 2.001 0.0158" axisangle="0 0 1 0.118" material="wood" mass="0.1"/>
    <geom name="rubble_1089" type="box" size="0.050 0.050 0.0071" pos="8.245 2.101 0.0071" axisangle="0 0 1 -0.077" material="wood" mass="0.1"/>
    <geom name="rubble_1090" type="box" size="0.050 0.050 0.0088" pos="8.232 2.191 0.0088" axisangle="0 0 1 -0.140" material="wood" mass="0.1"/>
    <geom name="rubble_1091" type="box" size="0.050 0.050 0.0172" pos="8.237 2.295 0.0172" axisangle="0 0 1 0.082" material="wood" mass="0.1"/>
    <geom name="rubble_1092" type="box" size="0.050 0.050 0.0403" pos="8.253 2.382 0.0403" axisangle="0 0 1 -0.052" material="wood" mass="0.1"/>
    <geom name="rubble_1093" type="box" size="0.050 0.050 0.0052" pos="8.242 2.494 0.0052" axisangle="0 0 1 0.131" material="wood" mass="0.1"/>
    <geom name="rubble_1094" type="box" size="0.050 0.050 0.0284" pos="8.267 2.615 0.0284" axisangle="0 0 1 -0.112" material="wood" mass="0.1"/>
    <geom name="rubble_1095" type="box" size="0.050 0.050 0.0278" pos="8.247 2.688 0.0278" axisangle="0 0 1 -0.183" material="wood" mass="0.1"/>
    <geom name="rubble_1096" type="box" size="0.050 0.050 0.0452" pos="8.358 1.307 0.0452" axisangle="0 0 1 -0.224" material="wood" mass="0.1"/>
    <geom name="rubble_1097" type="box" size="0.050 0.050 0.0271" pos="8.358 1.390 0.0271" axisangle="0 0 1 0.033" material="wood" mass="0.1"/>
    <geom name="rubble_1098" type="box" size="0.050 0.050 0.0349" pos="8.344 1.518 0.0349" axisangle="0 0 1 0.012" material="wood" mass="0.1"/>
    <geom name="rubble_1099" type="box" size="0.050 0.050 0.0205" pos="8.338 1.586 0.0205" axisangle="0 0 1 -0.145" material="wood" mass="0.1"/>
    <geom name="rubble_1100" type="box" size="0.050 0.050 0.0308" pos="8.347 1.696 0.0308" axisangle="0 0 1 0.213" material="wood" mass="0.1"/>
    <geom name="rubble_1101" type="box" size="0.050 0.050 0.0360" pos="8.349 1.805 0.0360" axisangle="0 0 1 0.050" material="wood" mass="0.1"/>
    <geom name="rubble_1102" type="box" size="0.050 0.050 0.0318" pos="8.340 1.900 0.0318" axisangle="0 0 1 0.003" material="wood" mass="0.1"/>
    <geom name="rubble_1103" type="box" size="0.050 0.050 0.0175" pos="8.347 1.984 0.0175" axisangle="0 0 1 0.057" material="wood" mass="0.1"/>
    <geom name="rubble_1104" type="box" size="0.050 0.050 0.0257" pos="8.347 2.115 0.0257" axisangle="0 0 1 0.191" material="wood" mass="0.1"/>
    <geom name="rubble_1105" type="box" size="0.050 0.050 0.0397" pos="8.349 2.188 0.0397" axisangle="0 0 1 -0.255" material="wood" mass="0.1"/>
    <geom name="rubble_1106" type="box" size="0.050 0.050 0.0432" pos="8.354 2.300 0.0432" axisangle="0 0 1 0.086" material="wood" mass="0.1"/>
    <geom name="rubble_1107" type="box" size="0.050 0.050 0.0451" pos="8.368 2.407 0.0451" axisangle="0 0 1 0.064" material="wood" mass="0.1"/>
    <geom name="rubble_1108" type="box" size="0.050 0.050 0.0458" pos="8.342 2.516 0.0458" axisangle="0 0 1 0.033" material="wood" mass="0.1"/>
    <geom name="rubble_1109" type="box" size="0.050 0.050 0.0346" pos="8.333 2.596 0.0346" axisangle="0 0 1 -0.028" material="wood" mass="0.1"/>
    <geom name="rubble_1110" type="box" size="0.050 0.050 0.0496" pos="8.353 2.718 0.0496" axisangle="0 0 1 -0.136" material="wood" mass="0.1"/>
    <geom name="rubble_1111" type="box" size="0.050 0.050 0.0178" pos="8.432 1.307 0.0178" axisangle="0 0 1 0.201" material="wood" mass="0.1"/>
    <geom name="rubble_1112" type="box" size="0.050 0.050 0.0317" pos="8.458 1.394 0.0317" axisangle="0 0 1 -0.089" material="wood" mass="0.1"/>
    <geom name="rubble_1113" type="box" size="0.050 0.050 0.0384" pos="8.466 1.486 0.0384" axisangle="0 0 1 0.197" material="wood" mass="0.1"/>
    <geom name="rubble_1114" type="box" size="0.050 0.050 0.0100" pos="8.444 1.582 0.0100" axisangle="0 0 1 0.180" material="wood" mass="0.1"/>
    <geom name="rubble_1115" type="box" size="0.050 0.050 0.0213" pos="8.461 1.707 0.0213" axisangle="0 0 1 -0.083" material="wood" mass="0.1"/>
    <geom name="rubble_1116" type="box" size="0.050 0.050 0.0192" pos="8.439 1.811 0.0192" axisangle="0 0 1 -0.242" material="wood" mass="0.1"/>
    <geom name="rubble_1117" type="box" size="0.050 0.050 0.0365" pos="8.446 1.918 0.0365" axisangle="0 0 1 0.152" material="wood" mass="0.1"/>
    <geom name="rubble_1118" type="box" size="0.050 0.050 0.0210" pos="8.452 1.993 0.0210" axisangle="0 0 1 -0.185" material="wood" mass="0.1"/>
    <geom name="rubble_1119" type="box" size="0.050 0.050 0.0386" pos="8.440 2.093 0.0386" axisangle="0 0 1 0.120" material="wood" mass="0.1"/>
    <geom name="rubble_1120" type="box" size="0.050 0.050 0.0253" pos="8.451 2.211 0.0253" axisangle="0 0 1 -0.078" material="wood" mass="0.1"/>
    <geom name="rubble_1121" type="box" size="0.050 0.050 0.0034" pos="8.453 2.317 0.0034" axisangle="0 0 1 0.188" material="wood" mass="0.1"/>
    <geom name="rubble_1122" type="box" size="0.050 0.050 0.0237" pos="8.468 2.410 0.0237" axisangle="0 0 1 0.246" material="wood" mass="0.1"/>
    <geom name="rubble_1123" type="box" size="0.050 0.050 0.0164" pos="8.431 2.491 0.0164" axisangle="0 0 1 -0.030" material="wood" mass="0.1"/>
    <geom name="rubble_1124" type="box" size="0.050 0.050 0.0446" pos="8.445 2.593 0.0446" axisangle="0 0 1 0.038" material="wood" mass="0.1"/>
    <geom name="rubble_1125" type="box" size="0.050 0.050 0.0180" pos="8.459 2.681 0.0180" axisangle="0 0 1 0.103" material="wood" mass="0.1"/>
    <geom name="rubble_1126" type="box" size="0.050 0.050 0.0270" pos="8.554 1.309 0.0270" axisangle="0 0 1 0.137" material="wood" mass="0.1"/>
    <geom name="rubble_1127" type="box" size="0.050 0.050 0.0479" pos="8.540 1.381 0.0479" axisangle="0 0 1 -0.176" material="wood" mass="0.1"/>
    <geom name="rubble_1128" type="box" size="0.050 0.050 0.0342" pos="8.565 1.505 0.0342" axisangle="0 0 1 0.138" material="wood" mass="0.1"/>
    <geom name="rubble_1129" type="box" size="0.050 0.050 0.0280" pos="8.550 1.592 0.0280" axisangle="0 0 1 0.142" material="wood" mass="0.1"/>
    <geom name="rubble_1130" type="box" size="0.050 0.050 0.0367" pos="8.548 1.711 0.0367" axisangle="0 0 1 0.134" material="wood" mass="0.1"/>
    <geom name="rubble_1131" type="box" size="0.050 0.050 0.0237" pos="8.570 1.812 0.0237" axisangle="0 0 1 0.200" material="wood" mass="0.1"/>
    <geom name="rubble_1132" type="box" size="0.050 0.050 0.0186" pos="8.568 1.884 0.0186" axisangle="0 0 1 0.081" material="wood" mass="0.1"/>
    <geom name="rubble_1133" type="box" size="0.050 0.050 0.0314" pos="8.545 2.012 0.0314" axisangle="0 0 1 0.076" material="wood" mass="0.1"/>
    <geom name="rubble_1134" type="box" size="0.050 0.050 0.0277" pos="8.536 2.095 0.0277" axisangle="0 0 1 -0.009" material="wood" mass="0.1"/>
    <geom name="rubble_1135" type="box" size="0.050 0.050 0.0278" pos="8.545 2.201 0.0278" axisangle="0 0 1 0.092" material="wood" mass="0.1"/>
    <geom name="rubble_1136" type="box" size="0.050 0.050 0.0221" pos="8.563 2.290 0.0221" axisangle="0 0 1 0.055" material="wood" mass="0.1"/>
    <geom name="rubble_1137" type="box" size="0.050 0.050 0.0384" pos="8.547 2.404 0.0384" axisangle="0 0 1 -0.086" material="wood" mass="0.1"/>
    <geom name="rubble_1138" type="box" size="0.050 0.050 0.0174" pos="8.544 2.508 0.0174" axisangle="0 0 1 0.150" material="wood" mass="0.1"/>
    <geom name="rubble_1139" type="box" size="0.050 0.050 0.0485" pos="8.556 2.615 0.0485" axisangle="0 0 1 0.058" material="wood" mass="0.1"/>
    <geom name="rubble_1140" type="box" size="0.050 0.050 0.0288" pos="8.562 2.681 0.0288" axisangle="0 0 1 0.125" material="wood" mass="0.1"/>
    <geom name="rubble_1141" type="box" size="0.050 0.050 0.0167" pos="8.656 1.288 0.0167" axisangle="0 0 1 -0.229" material="wood" mass="0.1"/>
    <geom name="rubble_1142" type="box" size="0.050 0.050 0.0130" pos="8.643 1.409 0.0130" axisangle="0 0 1 -0.105" material="wood" mass="0.1"/>
    <geom name="rubble_1143" type="box" size="0.050 0.050 0.0097" pos="8.634 1.511 0.0097" axisangle="0 0 1 -0.214" material="wood" mass="0.1"/>
    <geom name="rubble_1144" type="box" size="0.050 0.050 0.0138" pos="8.662 1.613 0.0138" axisangle="0 0 1 0.195" material="wood" mass="0.1"/>
    <geom name="rubble_1145" type="box" size="0.050 0.050 0.0124" pos="8.633 1.699 0.0124" axisangle="0 0 1 -0.169" material="wood" mass="0.1"/>
    <geom name="rubble_1146" type="box" size="0.050 0.050 0.0393" pos="8.670 1.811 0.0393" axisangle="0 0 1 0.159" material="wood" mass="0.1"/>
    <geom name="rubble_1147" type="box" size="0.050 0.050 0.0117" pos="8.667 1.910 0.0117" axisangle="0 0 1 0.106" material="wood" mass="0.1"/>
    <geom name="rubble_1148" type="box" size="0.050 0.050 0.0096" pos="8.662 2.020 0.0096" axisangle="0 0 1 0.192" material="wood" mass="0.1"/>
    <geom name="rubble_1149" type="box" size="0.050 0.050 0.0485" pos="8.656 2.118 0.0485" axisangle="0 0 1 0.228" material="wood" mass="0.1"/>
    <geom name="rubble_1150" type="box" size="0.050 0.050 0.0076" pos="8.657 2.196 0.0076" axisangle="0 0 1 -0.146" material="wood" mass="0.1"/>
    <geom name="rubble_1151" type="box" size="0.050 0.050 0.0461" pos="8.645 2.305 0.0461" axisangle="0 0 1 -0.039" material="wood" mass="0.1"/>
    <geom name="rubble_1152" type="box" size="0.050 0.050 0.0045" pos="8.646 2.406 0.0045" axisangle="0 0 1 0.245" material="wood" mass="0.1"/>
    <geom name="rubble_1153" type="box" size="0.050 0.050 0.0175" pos="8.656 2.485 0.0175" axisangle="0 0 1 0.240" material="wood" mass="0.1"/>
    <geom name="rubble_1154" type="box" size="0.050 0.050 0.0476" pos="8.644 2.589 0.0476" axisangle="0 0 1 -0.120" material="wood" mass="0.1"/>
    <geom name="rubble_1155" type="box" size="0.050 0.050 0.0052" pos="8.645 2.701 0.0052" axisangle="0 0 1 -0.131" material="wood" mass="0.1"/>
    <geom name="rubble_1156" type="box" size="0.050 0.050 0.0343" pos="8.760 1.294 0.0343" axisangle="0 0 1 0.258" material="wood" mass="0.1"/>
    <geom name="rubble_1157" type="box" size="0.050 0.050 0.0256" pos="8.733 1.395 0.0256" axisangle="0 0 1 -0.233" material="wood" mass="0.1"/>
    <geom name="rubble_1158" type="box" size="0.050 0.050 0.0452" pos="8.739 1.485 0.0452" axisangle="0 0 1 -0.025" material="wood" mass="0.1"/>
    <geom name="rubble_1159" type="box" size="0.050 0.050 0.0089" pos="8.769 1.606 0.0089" axisangle="0 0 1 0.132" material="wood" mass="0.1"/>
    <geom name="rubble_1160" type="box" size="0.050 0.050 0.0109" pos="8.735 1.701 0.0109" axisangle="0 0 1 0.093" material="wood" mass="0.1"/>
    <geom name="rubble_1161" type="box" size="0.050 0.050 0.0030" pos="8.739 1.798 0.0030" axisangle="0 0 1 0.193" material="wood" mass="0.1"/>
    <geom name="rubble_1162" type="box" size="0.050 0.050 0.0388" pos="8.754 1.915 0.0388" axisangle="0 0 1 -0.201" material="wood" mass="0.1"/>
    <geom name="rubble_1163" type="box" size="0.050 0.050 0.0071" pos="8.736 2.014 0.0071" axisangle="0 0 1 -0.053" material="wood" mass="0.1"/>
    <geom name="rubble_1164" type="box" size="0.050 0.050 0.0095" pos="8.766 2.092 0.0095" axisangle="0 0 1 0.009" material="wood" mass="0.1"/>
    <geom name="rubble_1165" type="box" size="0.050 0.050 0.0455" pos="8.754 2.196 0.0455" axisangle="0 0 1 0.222" material="wood" mass="0.1"/>
    <geom name="rubble_1166" type="box" size="0.050 0.050 0.0125" pos="8.747 2.281 0.0125" axisangle="0 0 1 0.231" material="wood" mass="0.1"/>
    <geom name="rubble_1167" type="box" size="0.050 0.050 0.0170" pos="8.763 2.400 0.0170" axisangle="0 0 1 0.143" material="wood" mass="0.1"/>
    <geom name="rubble_1168" type="box" size="0.050 0.050 0.0040" pos="8.739 2.517 0.0040" axisangle="0 0 1 0.238" material="wood" mass="0.1"/>
    <geom name="rubble_1169" type="box" size="0.050 0.050 0.0428" pos="8.742 2.598 0.0428" axisangle="0 0 1 0.055" material="wood" mass="0.1"/>
    <geom name="rubble_1170" type="box" size="0.050 0.050 0.0205" pos="8.754 2.715 0.0205" axisangle="0 0 1 -0.075" material="wood" mass="0.1"/>
    <geom name="rubble_1171" type="box" size="0.050 0.050 0.0448" pos="8.853 1.287 0.0448" axisangle="0 0 1 0.000" material="wood" mass="0.1"/>
    <geom name="rubble_1172" type="box" size="0.050 0.050 0.0192" pos="8.862 1.391 0.0192" axisangle="0 0 1 0.256" material="wood" mass="0.1"/>
    <geom name="rubble_1173" type="box" size="0.050 0.050 0.0439" pos="8.839 1.493 0.0439" axisangle="0 0 1 -0.027" material="wood" mass="0.1"/>
    <geom name="rubble_1174" type="box" size="0.050 0.050 0.0400" pos="8.841 1.594 0.0400" axisangle="0 0 1 -0.051" material="wood" mass="0.1"/>
    <geom name="rubble_1175" type="box" size="0.050 0.050 0.0205" pos="8.840 1.704 0.0205" axisangle="0 0 1 -0.191" material="wood" mass="0.1"/>
    <geom name="rubble_1176" type="box" size="0.050 0.050 0.0328" pos="8.834 1.792 0.0328" axisangle="0 0 1 0.146" material="wood" mass="0.1"/>
    <geom name="rubble_1177" type="box" size="0.050 0.050 0.0060" pos="8.850 1.891 0.0060" axisangle="0 0 1 -0.177" material="wood" mass="0.1"/>
    <geom name="rubble_1178" type="box" size="0.050 0.050 0.0365" pos="8.831 2.007 0.0365" axisangle="0 0 1 0.174" material="wood" mass="0.1"/>
    <geom name="rubble_1179" type="box" size="0.050 0.050 0.0349" pos="8.852 2.091 0.0349" axisangle="0 0 1 -0.101" material="wood" mass="0.1"/>
    <geom name="rubble_1180" type="box" size="0.050 0.050 0.0392" pos="8.851 2.219 0.0392" axisangle="0 0 1 -0.147" material="wood" mass="0.1"/>
    <geom name="rubble_1181" type="box" size="0.050 0.050 0.0222" pos="8.839 2.294 0.0222" axisangle="0 0 1 0.065" material="wood" mass="0.1"/>
    <geom name="rubble_1182" type="box" size="0.050 0.050 0.0029" pos="8.869 2.387 0.0029" axisangle="0 0 1 -0.173" material="wood" mass="0.1"/>
    <geom name="rubble_1183" type="box" size="0.050 0.050 0.0078" pos="8.851 2.508 0.0078" axisangle="0 0 1 0.153" material="wood" mass="0.1"/>
    <geom name="rubble_1184" type="box" size="0.050 0.050 0.0309" pos="8.864 2.604 0.0309" axisangle="0 0 1 -0.038" material="wood" mass="0.1"/>
    <geom name="rubble_1185" type="box" size="0.050 0.050 0.0063" pos="8.852 2.696 0.0063" axisangle="0 0 1 0.105" material="wood" mass="0.1"/>
    <geom name="rubble_1186" type="box" size="0.050 0.050 0.0125" pos="8.933 1.320 0.0125" axisangle="0 0 1 -0.071" material="wood" mass="0.1"/>
    <geom name="rubble_1187" type="box" size="0.050 0.050 0.0090" pos="8.933 1.385 0.0090" axisangle="0 0 1 0.218" material="wood" mass="0.1"/>
    <geom name="rubble_1188" type="box" size="0.050 0.050 0.0168" pos="8.952 1.515 0.0168" axisangle="0 0 1 -0.153" material="wood" mass="0.1"/>
    <geom name="rubble_1189" type="box" size="0.050 0.050 0.0421" pos="8.946 1.602 0.0421" axisangle="0 0 1 0.030" material="wood" mass="0.1"/>
    <geom name="rubble_1190" type="box" size="0.050 0.050 0.0029" pos="8.949 1.685 0.0029" axisangle="0 0 1 -0.032" material="wood" mass="0.1"/>
    <geom name="rubble_1191" type="box" size="0.050 0.050 0.0484" pos="8.954 1.817 0.0484" axisangle="0 0 1 -0.178" material="wood" mass="0.1"/>
    <geom name="rubble_1192" type="box" size="0.050 0.050 0.0239" pos="8.944 1.902 0.0239" axisangle="0 0 1 -0.122" material="wood" mass="0.1"/>
    <geom name="rubble_1193" type="box" size="0.050 0.050 0.0279" pos="8.944 2.003 0.0279" axisangle="0 0 1 -0.145" material="wood" mass="0.1"/>
    <geom name="rubble_1194" type="box" size="0.050 0.050 0.0261" pos="8.953 2.087 0.0261" axisangle="0 0 1 0.019" material="wood" mass="0.1"/>
    <geom name="rubble_1195" type="box" size="0.050 0.050 0.0471" pos="8.930 2.189 0.0471" axisangle="0 0 1 -0.005" material="wood" mass="0.1"/>
    <geom name="rubble_1196" type="box" size="0.050 0.050 0.0147" pos="8.946 2.302 0.0147" axisangle="0 0 1 0.219" material="wood" mass="0.1"/>
    <geom name="rubble_1197" type="box" size="0.050 0.050 0.0145" pos="8.964 2.381 0.0145" axisangle="0 0 1 -0.132" material="wood" mass="0.1"/>
    <geom name="rubble_1198" type="box" size="0.050 0.050 0.0210" pos="8.947 2.509 0.0210" axisangle="0 0 1 -0.248" material="wood" mass="0.1"/>
    <geom name="rubble_1199" type="box" size="0.050 0.050 0.0382" pos="8.957 2.583 0.0382" axisangle="0 0 1 0.160" material="wood" mass="0.1"/>
    <geom name="rubble_1200" type="box" size="0.050 0.050 0.0067" pos="8.943 2.686 0.0067" axisangle="0 0 1 0.259" material="wood" mass="0.1"/>
    <geom name="rubble_1201" type="box" size="0.050 0.050 0.0180" pos="9.064 1.295 0.0180" axisangle="0 0 1 0.116" material="wood" mass="0.1"/>
    <geom name="rubble_1202" type="box" size="0.050 0.050 0.0268" pos="9.045 1.391 0.0268" axisangle="0 0 1 -0.106" material="wood" mass="0.1"/>
    <geom name="rubble_1203" type="box" size="0.050 0.050 0.0060" pos="9.060 1.491 0.0060" axisangle="0 0 1 0.255" material="wood" mass="0.1"/>
    <geom name="rubble_1204" type="box" size="0.050 0.050 0.0433" pos="9.063 1.605 0.0433" axisangle="0 0 1 -0.114" material="wood" mass="0.1"/>
    <geom name="rubble_1205" type="box" size="0.050 0.050 0.0494" pos="9.038 1.717 0.0494" axisangle="0 0 1 0.252" material="wood" mass="0.1"/>
    <geom name="rubble_1206" type="box" size="0.050 0.050 0.0465" pos="9.059 1.790 0.0465" axisangle="0 0 1 0.087" material="wood" mass="0.1"/>
    <geom name="rubble_1207" type="box" size="0.050 0.050 0.0203" pos="9.064 1.889 0.0203" axisangle="0 0 1 0.200" material="wood" mass="0.1"/>
    <geom name="rubble_1208" type="box" size="0.050 0.050 0.0495" pos="9.035 2.001 0.0495" axisangle="0 0 1 0.225" material="wood" mass="0.1"/>
    <geom name="rubble_1209" type="box" size="0.050 0.050 0.0481" pos="9.040 2.104 0.0481" axisangle="0 0 1 -0.090" material="wood" mass="0.1"/>
    <geom name="rubble_1210" type="box" size="0.050 0.050 0.0137" pos="9.047 2.210 0.0137" axisangle="0 0 1 0.228" material="wood" mass="0.1"/>
    <geom name="rubble_1211" type="box" size="0.050 0.050 0.0307" pos="9.052 2.291 0.0307" axisangle="0 0 1 0.134" material="wood" mass="0.1"/>
    <geom name="rubble_1212" type="box" size="0.050 0.050 0.0147" pos="9.045 2.395 0.0147" axisangle="0 0 1 -0.105" material="wood" mass="0.1"/>
    <geom name="rubble_1213" type="box" size="0.050 0.050 0.0350" pos="9.048 2.493 0.0350" axisangle="0 0 1 -0.223" material="wood" mass="0.1"/>
    <geom name="rubble_1214" type="box" size="0.050 0.050 0.0137" pos="9.066 2.597 0.0137" axisangle="0 0 1 0.156" material="wood" mass="0.1"/>
    <geom name="rubble_1215" type="box" size="0.050 0.050 0.0205" pos="9.057 2.686 0.0205" axisangle="0 0 1 -0.216" material="wood" mass="0.1"/>
    <geom name="rubble_1216" type="box" size="0.050 0.050 0.0133" pos="9.158 1.302 0.0133" axisangle="0 0 1 0.095" material="wood" mass="0.1"/>
    <geom name="rubble_1217" type="box" size="0.050 0.050 0.0114" pos="9.139 1.413 0.0114" axisangle="0 0 1 -0.042" material="wood" mass="0.1"/>
    <geom name="rubble_1218" type="box" size="0.050 0.050 0.0045" pos="9.133 1.499 0.0045" axisangle="0 0 1 -0.138" material="wood" mass="0.1"/>
    <geom name="rubble_1219" type="box" size="0.050 0.050 0.0477" pos="9.166 1.615 0.0477" axisangle="0 0 1 -0.147" material="wood" mass="0.1"/>
    <geom name="rubble_1220" type="box" size="0.050 0.050 0.0263" pos="9.156 1.718 0.0263" axisangle="0 0 1 -0.066" material="wood" mass="0.1"/>
    <geom name="rubble_1221" type="box" size="0.050 0.050 0.0209" pos="9.139 1.800 0.0209" axisangle="0 0 1 0.177" material="wood" mass="0.1"/>
    <geom name="rubble_1222" type="box" size="0.050 0.050 0.0427" pos="9.165 1.897 0.0427" axisangle="0 0 1 0.063" material="wood" mass="0.1"/>
    <geom name="rubble_1223" type="box" size="0.050 0.050 0.0111" pos="9.135 1.999 0.0111" axisangle="0 0 1 -0.187" material="wood" mass="0.1"/>
    <geom name="rubble_1224" type="box" size="0.050 0.050 0.0040" pos="9.159 2.101 0.0040" axisangle="0 0 1 0.172" material="wood" mass="0.1"/>
    <geom name="rubble_1225" type="box" size="0.050 0.050 0.0268" pos="9.148 2.212 0.0268" axisangle="0 0 1 -0.105" material="wood" mass="0.1"/>
    <geom name="rubble_1226" type="box" size="0.050 0.050 0.0080" pos="9.159 2.295 0.0080" axisangle="0 0 1 0.258" material="wood" mass="0.1"/>
    <geom name="rubble_1227" type="box" size="0.050 0.050 0.0231" pos="9.145 2.399 0.0231" axisangle="0 0 1 -0.130" material="wood" mass="0.1"/>
    <geom name="rubble_1228" type="box" size="0.050 0.050 0.0423" pos="9.148 2.512 0.0423" axisangle="0 0 1 0.089" material="wood" mass="0.1"/>
    <geom name="rubble_1229" type="box" size="0.050 0.050 0.0145" pos="9.158 2.587 0.0145" axisangle="0 0 1 0.250" material="wood" mass="0.1"/>
    <geom name="rubble_1230" type="box" size="0.050 0.050 0.0071" pos="9.169 2.714 0.0071" axisangle="0 0 1 0.178" material="wood" mass="0.1"/>
    <geom name="rubble_1231" type="box" size="0.050 0.050 0.0390" pos="9.251 1.297 0.0390" axisangle="0 0 1 0.150" material="wood" mass="0.1"/>
    <geom name="rubble_1232" type="box" size="0.050 0.050 0.0437" pos="9.244 1.406 0.0437" axisangle="0 0 1 -0.088" material="wood" mass="0.1"/>
    <geom name="rubble_1233" type="box" size="0.050 0.050 0.0251" pos="9.238 1.500 0.0251" axisangle="0 0 1 -0.003" material="wood" mass="0.1"/>
    <geom name="rubble_1234" type="box" size="0.050 0.050 0.0181" pos="9.233 1.587 0.0181" axisangle="0 0 1 -0.052" material="wood" mass="0.1"/>
    <geom name="rubble_1235" type="box" size="0.050 0.050 0.0082" pos="9.254 1.693 0.0082" axisangle="0 0 1 -0.223" material="wood" mass="0.1"/>
    <geom name="rubble_1236" type="box" size="0.050 0.050 0.0060" pos="9.261 1.803 0.0060" axisangle="0 0 1 -0.154" material="wood" mass="0.1"/>
    <geom name="rubble_1237" type="box" size="0.050 0.050 0.0048" pos="9.253 1.882 0.0048" axisangle="0 0 1 0.012" material="wood" mass="0.1"/>
    <geom name="rubble_1238" type="box" size="0.050 0.050 0.0090" pos="9.239 2.008 0.0090" axisangle="0 0 1 0.071" material="wood" mass="0.1"/>
    <geom name="rubble_1239" type="box" size="0.050 0.050 0.0120" pos="9.237 2.099 0.0120" axisangle="0 0 1 -0.077" material="wood" mass="0.1"/>
    <geom name="rubble_1240" type="box" size="0.050 0.050 0.0242" pos="9.264 2.189 0.0242" axisangle="0 0 1 0.135" material="wood" mass="0.1"/>
    <geom name="rubble_1241" type="box" size="0.050 0.050 0.0092" pos="9.270 2.320 0.0092" axisangle="0 0 1 0.136" material="wood" mass="0.1"/>
    <geom name="rubble_1242" type="box" size="0.050 0.050 0.0064" pos="9.247 2.405 0.0064" axisangle="0 0 1 0.008" material="wood" mass="0.1"/>
    <geom name="rubble_1243" type="box" size="0.050 0.050 0.0153" pos="9.237 2.504 0.0153" axisangle="0 0 1 -0.201" material="wood" mass="0.1"/>
    <geom name="rubble_1244" type="box" size="0.050 0.050 0.0271" pos="9.232 2.617 0.0271" axisangle="0 0 1 0.176" material="wood" mass="0.1"/>
    <geom name="rubble_1245" type="box" size="0.050 0.050 0.0163" pos="9.270 2.699 0.0163" axisangle="0 0 1 0.228" material="wood" mass="0.1"/>
    <geom name="rubble_1246" type="box" size="0.050 0.050 0.0381" pos="9.349 1.299 0.0381" axisangle="0 0 1 0.174" material="wood" mass="0.1"/>
    <geom name="rubble_1247" type="box" size="0.050 0.050 0.0140" pos="9.333 1.410 0.0140" axisangle="0 0 1 0.163" material="wood" mass="0.1"/>
    <geom name="rubble_1248" type="box" size="0.050 0.050 0.0449" pos="9.346 1.515 0.0449" axisangle="0 0 1 0.253" material="wood" mass="0.1"/>
    <geom name="rubble_1249" type="box" size="0.050 0.050 0.0128" pos="9.340 1.607 0.0128" axisangle="0 0 1 -0.156" material="wood" mass="0.1"/>
    <geom name="rubble_1250" type="box" size="0.050 0.050 0.0179" pos="9.361 1.692 0.0179" axisangle="0 0 1 -0.232" material="wood" mass="0.1"/>
    <geom name="rubble_1251" type="box" size="0.050 0.050 0.0042" pos="9.358 1.800 0.0042" axisangle="0 0 1 0.076" material="wood" mass="0.1"/>
    <geom name="rubble_1252" type="box" size="0.050 0.050 0.0338" pos="9.354 1.892 0.0338" axisangle="0 0 1 0.092" material="wood" mass="0.1"/>
    <geom name="rubble_1253" type="box" size="0.050 0.050 0.0164" pos="9.355 2.009 0.0164" axisangle="0 0 1 -0.075" material="wood" mass="0.1"/>
    <geom name="rubble_1254" type="box" size="0.050 0.050 0.0171" pos="9.369 2.086 0.0171" axisangle="0 0 1 -0.258" material="wood" mass="0.1"/>
    <geom name="rubble_1255" type="box" size="0.050 0.050 0.0179" pos="9.350 2.180 0.0179" axisangle="0 0 1 0.032" material="wood" mass="0.1"/>
    <geom name="rubble_1256" type="box" size="0.050 0.050 0.0131" pos="9.358 2.294 0.0131" axisangle="0 0 1 0.115" material="wood" mass="0.1"/>
    <geom name="rubble_1257" type="box" size="0.050 0.050 0.0259" pos="9.368 2.410 0.0259" axisangle="0 0 1 -0.044" material="wood" mass="0.1"/>
    <geom name="rubble_1258" type="box" size="0.050 0.050 0.0334" pos="9.332 2.519 0.0334" axisangle="0 0 1 -0.240" material="wood" mass="0.1"/>
    <geom name="rubble_1259" type="box" size="0.050 0.050 0.0489" pos="9.342 2.582 0.0489" axisangle="0 0 1 0.229" material="wood" mass="0.1"/>
    <geom name="rubble_1260" type="box" size="0.050 0.050 0.0263" pos="9.339 2.684 0.0263" axisangle="0 0 1 -0.224" material="wood" mass="0.1"/>
    <geom name="rubble_1261" type="box" size="0.050 0.050 0.0370" pos="9.430 1.294 0.0370" axisangle="0 0 1 -0.133" material="wood" mass="0.1"/>
    <geom name="rubble_1262" type="box" size="0.050 0.050 0.0042" pos="9.469 1.386 0.0042" axisangle="0 0 1 -0.209" material="wood" mass="0.1"/>
    <geom name="rubble_1263" type="box" size="0.050 0.050 0.0074" pos="9.468 1.515 0.0074" axisangle="0 0 1 -0.113" material="wood" mass="0.1"/>
    <geom name="rubble_1264" type="box" size="0.050 0.050 0.0063" pos="9.464 1.619 0.0063" axisangle="0 0 1 -0.176" material="wood" mass="0.1"/>
    <geom name="rubble_1265" type="box" size="0.050 0.050 0.0276" pos="9.447 1.696 0.0276" axisangle="0 0 1 0.093" material="wood" mass="0.1"/>
    <geom name="rubble_1266" type="box" size="0.050 0.050 0.0225" pos="9.444 1.818 0.0225" axisangle="0 0 1 -0.023" material="wood" mass="0.1"/>
    <geom name="rubble_1267" type="box" size="0.050 0.050 0.0264" pos="9.444 1.919 0.0264" axisangle="0 0 1 -0.060" material="wood" mass="0.1"/>
    <geom name="rubble_1268" type="box" size="0.050 0.050 0.0431" pos="9.452 2.005 0.0431" axisangle="0 0 1 -0.067" material="wood" mass="0.1"/>
    <geom name="rubble_1269" type="box" size="0.050 0.050 0.0080" pos="9.454 2.092 0.0080" axisangle="0 0 1 0.054" material="wood" mass="0.1"/>
    <geom name="rubble_1270" type="box" size="0.050 0.050 0.0159" pos="9.458 2.184 0.0159" axisangle="0 0 1 -0.219" material="wood" mass="0.1"/>
    <geom name="rubble_1271" type="box" size="0.050 0.050 0.0436" pos="9.446 2.281 0.0436" axisangle="0 0 1 -0.223" material="wood" mass="0.1"/>
    <geom name="rubble_1272" type="box" size="0.050 0.050 0.0087" pos="9.447 2.418 0.0087" axisangle="0 0 1 -0.197" material="wood" mass="0.1"/>
    <geom name="rubble_1273" type="box" size="0.050 0.050 0.0046" pos="9.449 2.511 0.0046" axisangle="0 0 1 0.012" material="wood" mass="0.1"/>
    <geom name="rubble_1274" type="box" size="0.050 0.050 0.0100" pos="9.439 2.605 0.0100" axisangle="0 0 1 0.230" material="wood" mass="0.1"/>
    <geom name="rubble_1275" type="box" size="0.050 0.050 0.0209" pos="9.443 2.694 0.0209" axisangle="0 0 1 -0.138" material="wood" mass="0.1"/>
    <geom name="rubble_1276" type="box" size="0.050 0.050 0.0488" pos="9.569 1.287 0.0488" axisangle="0 0 1 -0.062" material="wood" mass="0.1"/>
    <geom name="rubble_1277" type="box" size="0.050 0.050 0.0241" pos="9.546 1.389 0.0241" axisangle="0 0 1 0.149" material="wood" mass="0.1"/>
    <geom name="rubble_1278" type="box" size="0.050 0.050 0.0465" pos="9.544 1.500 0.0465" axisangle="0 0 1 0.213" material="wood" mass="0.1"/>
    <geom name="rubble_1279" type="box" size="0.050 0.050 0.0131" pos="9.566 1.609 0.0131" axisangle="0 0 1 -0.191" material="wood" mass="0.1"/>
    <geom name="rubble_1280" type="box" size="0.050 0.050 0.0282" pos="9.551 1.719 0.0282" axisangle="0 0 1 0.160" material="wood" mass="0.1"/>
    <geom name="rubble_1281" type="box" size="0.050 0.050 0.0287" pos="9.546 1.784 0.0287" axisangle="0 0 1 0.158" material="wood" mass="0.1"/>
    <geom name="rubble_1282" type="box" size="0.050 0.050 0.0082" pos="9.539 1.883 0.0082" axisangle="0 0 1 -0.228" material="wood" mass="0.1"/>
    <geom name="rubble_1283" type="box" size="0.050 0.050 0.0260" pos="9.535 1.996 0.0260" axisangle="0 0 1 -0.032" material="wood" mass="0.1"/>
    <geom name="rubble_1284" type="box" size="0.050 0.050 0.0166" pos="9.548 2.120 0.0166" axisangle="0 0 1 -0.194" material="wood" mass="0.1"/>
    <geom name="rubble_1285" type="box" size="0.050 0.050 0.0370" pos="9.566 2.206 0.0370" axisangle="0 0 1 0.112" material="wood" mass="0.1"/>
    <geom name="rubble_1286" type="box" size="0.050 0.050 0.0253" pos="9.543 2.290 0.0253" axisangle="0 0 1 0.255" material="wood" mass="0.1"/>
    <geom name="rubble_1287" type="box" size="0.050 0.050 0.0434" pos="9.545 2.388 0.0434" axisangle="0 0 1 0.169" material="wood" mass="0.1"/>
    <geom name="rubble_1288" type="box" size="0.050 0.050 0.0060" pos="9.570 2.483 0.0060" axisangle="0 0 1 -0.132" material="wood" mass="0.1"/>
    <geom name="rubble_1289" type="box" size="0.050 0.050 0.0116" pos="9.563 2.616 0.0116" axisangle="0 0 1 0.133" material="wood" mass="0.1"/>
    <geom name="rubble_1290" type="box" size="0.050 0.050 0.0143" pos="9.554 2.715 0.0143" axisangle="0 0 1 -0.248" material="wood" mass="0.1"/>
    <geom name="rubble_1291" type="box" size="0.050 0.050 0.0030" pos="9.637 1.309 0.0030" axisangle="0 0 1 -0.072" material="wood" mass="0.1"/>
    <geom name="rubble_1292" type="box" size="0.050 0.050 0.0420" pos="9.646 1.403 0.0420" axisangle="0 0 1 -0.002" material="wood" mass="0.1"/>
    <geom name="rubble_1293" type="box" size="0.050 0.050 0.0241" pos="9.631 1.492 0.0241" axisangle="0 0 1 -0.231" material="wood" mass="0.1"/>
    <geom name="rubble_1294" type="box" size="0.050 0.050 0.0350" pos="9.666 1.612 0.0350" axisangle="0 0 1 0.182" material="wood" mass="0.1"/>
    <geom name="rubble_1295" type="box" size="0.050 0.050 0.0214" pos="9.638 1.718 0.0214" axisangle="0 0 1 -0.124" material="wood" mass="0.1"/>
    <geom name="rubble_1296" type="box" size="0.050 0.050 0.0334" pos="9.660 1.798 0.0334" axisangle="0 0 1 0.123" material="wood" mass="0.1"/>
    <geom name="rubble_1297" type="box" size="0.050 0.050 0.0039" pos="9.655 1.902 0.0039" axisangle="0 0 1 -0.059" material="wood" mass="0.1"/>
    <geom name="rubble_1298" type="box" size="0.050 0.050 0.0112" pos="9.637 1.983 0.0112" axisangle="0 0 1 0.240" material="wood" mass="0.1"/>
    <geom name="rubble_1299" type="box" size="0.050 0.050 0.0100" pos="9.642 2.086 0.0100" axisangle="0 0 1 0.026" material="wood" mass="0.1"/>
    <geom name="rubble_1300" type="box" size="0.050 0.050 0.0098" pos="9.663 2.208 0.0098" axisangle="0 0 1 0.164" material="wood" mass="0.1"/>
    <geom name="rubble_1301" type="box" size="0.050 0.050 0.0478" pos="9.639 2.305 0.0478" axisangle="0 0 1 0.037" material="wood" mass="0.1"/>
    <geom name="rubble_1302" type="box" size="0.050 0.050 0.0409" pos="9.646 2.411 0.0409" axisangle="0 0 1 0.050" material="wood" mass="0.1"/>
    <geom name="rubble_1303" type="box" size="0.050 0.050 0.0237" pos="9.667 2.486 0.0237" axisangle="0 0 1 0.225" material="wood" mass="0.1"/>
    <geom name="rubble_1304" type="box" size="0.050 0.050 0.0112" pos="9.644 2.592 0.0112" axisangle="0 0 1 0.020" material="wood" mass="0.1"/>
    <geom name="rubble_1305" type="box" size="0.050 0.050 0.0107" pos="9.642 2.689 0.0107" axisangle="0 0 1 0.102" material="wood" mass="0.1"/>
    <geom name="rubble_1306" type="box" size="0.050 0.050 0.0376" pos="9.762 1.308 0.0376" axisangle="0 0 1 -0.170" material="wood" mass="0.1"/>
    <geom name="rubble_1307" type="box" size="0.050 0.050 0.0355" pos="9.736 1.414 0.0355" axisangle="0 0 1 0.223" material="wood" mass="0.1"/>
    <geom name="rubble_1308" type="box" size="0.050 0.050 0.0244" pos="9.748 1.509 0.0244" axisangle="0 0 1 0.038" material="wood" mass="0.1"/>
    <geom name="rubble_1309" type="box" size="0.050 0.050 0.0448" pos="9.730 1.606 0.0448" axisangle="0 0 1 0.183" material="wood" mass="0.1"/>
    <geom name="rubble_1310" type="box" size="0.050 0.050 0.0447" pos="9.744 1.711 0.0447" axisangle="0 0 1 -0.094" material="wood" mass="0.1"/>
    <geom name="rubble_1311" type="box" size="0.050 0.050 0.0263" pos="9.749 1.805 0.0263" axisangle="0 0 1 0.140" material="wood" mass="0.1"/>
    <geom name="rubble_1312" type="box" size="0.050 0.050 0.0297" pos="9.767 1.916 0.0297" axisangle="0 0 1 -0.252" material="wood" mass="0.1"/>
    <geom name="rubble_1313" type="box" size="0.050 0.050 0.0029" pos="9.741 1.982 0.0029" axisangle="0 0 1 -0.013" material="wood" mass="0.1"/>
    <geom name="rubble_1314" type="box" size="0.050 0.050 0.0466" pos="9.768 2.093 0.0466" axisangle="0 0 1 -0.258" material="wood" mass="0.1"/>
    <geom name="rubble_1315" type="box" size="0.050 0.050 0.0332" pos="9.760 2.186 0.0332" axisangle="0 0 1 0.102" material="wood" mass="0.1"/>
    <geom name="rubble_1316" type="box" size="0.050 0.050 0.0448" pos="9.756 2.312 0.0448" axisangle="0 0 1 -0.200" material="wood" mass="0.1"/>
    <geom name="rubble_1317" type="box" size="0.050 0.050 0.0149" pos="9.734 2.407 0.0149" axisangle="0 0 1 0.026" material="wood" mass="0.1"/>
    <geom name="rubble_1318" type="box" size="0.050 0.050 0.0119" pos="9.746 2.497 0.0119" axisangle="0 0 1 -0.037" material="wood" mass="0.1"/>
    <geom name="rubble_1319" type="box" size="0.050 0.050 0.0391" pos="9.744 2.590 0.0391" axisangle="0 0 1 0.068" material="wood" mass="0.1"/>
    <geom name="rubble_1320" type="box" size="0.050 0.050 0.0301" pos="9.740 2.718 0.0301" axisangle="0 0 1 0.234" material="wood" mass="0.1"/>
    <geom name="rubble_1321" type="box" size="0.050 0.050 0.0482" pos="9.858 1.316 0.0482" axisangle="0 0 1 -0.193" material="wood" mass="0.1"/>
    <geom name="rubble_1322" type="box" size="0.050 0.050 0.0447" pos="9.861 1.382 0.0447" axisangle="0 0 1 -0.094" material="wood" mass="0.1"/>
    <geom name="rubble_1323" type="box" size="0.050 0.050 0.0403" pos="9.835 1.495 0.0403" axisangle="0 0 1 0.000" material="wood" mass="0.1"/>
    <geom name="rubble_1324" type="box" size="0.050 0.050 0.0424" pos="9.846 1.603 0.0424" axisangle="0 0 1 -0.050" material="wood" mass="0.1"/>
    <geom name="rubble_1325" type="box" size="0.050 0.050 0.0099" pos="9.837 1.716 0.0099" axisangle="0 0 1 -0.003" material="wood" mass="0.1"/>
    <geom name="rubble_1326" type="box" size="0.050 0.050 0.0298" pos="9.840 1.781 0.0298" axisangle="0 0 1 0.217" material="wood" mass="0.1"/>
    <geom name="rubble_1327" type="box" size="0.050 0.050 0.0040" pos="9.859 1.900 0.0040" axisangle="0 0 1 -0.010" material="wood" mass="0.1"/>
    <geom name="rubble_1328" type="box" size="0.050 0.050 0.0418" pos="9.870 2.014 0.0418" axisangle="0 0 1 0.221" material="wood" mass="0.1"/>
    <geom name="rubble_1329" type="box" size="0.050 0.050 0.0370" pos="9.866 2.087 0.0370" axisangle="0 0 1 -0.006" material="wood" mass="0.1"/>
    <geom name="rubble_1330" type="box" size="0.050 0.050 0.0403" pos="9.858 2.199 0.0403" axisangle="0 0 1 -0.161" material="wood" mass="0.1"/>
    <geom name="rubble_1331" type="box" size="0.050 0.050 0.0451" pos="9.843 2.287 0.0451" axisangle="0 0 1 -0.149" material="wood" mass="0.1"/>
    <geom name="rubble_1332" type="box" size="0.050 0.050 0.0378" pos="9.839 2.383 0.0378" axisangle="0 0 1 -0.183" material="wood" mass="0.1"/>
    <geom name="rubble_1333" type="box" size="0.050 0.050 0.0398" pos="9.844 2.514 0.0398" axisangle="0 0 1 -0.095" material="wood" mass="0.1"/>
    <geom name="rubble_1334" type="box" size="0.050 0.050 0.0098" pos="9.847 2.606 0.0098" axisangle="0 0 1 -0.037" material="wood" mass="0.1"/>
    <geom name="rubble_1335" type="box" size="0.050 0.050 0.0360" pos="9.844 2.695 0.0360" axisangle="0 0 1 -0.191" material="wood" mass="0.1"/>
    <geom name="rubble_1336" type="box" size="0.050 0.050 0.0161" pos="9.938 1.307 0.0161" axisangle="0 0 1 0.118" material="wood" mass="0.1"/>
    <geom name="rubble_1337" type="box" size="0.050 0.050 0.0119" pos="9.962 1.404 0.0119" axisangle="0 0 1 -0.080" material="wood" mass="0.1"/>
    <geom name="rubble_1338" type="box" size="0.050 0.050 0.0457" pos="9.967 1.490 0.0457" axisangle="0 0 1 0.039" material="wood" mass="0.1"/>
    <geom name="rubble_1339" type="box" size="0.050 0.050 0.0322" pos="9.941 1.620 0.0322" axisangle="0 0 1 0.104" material="wood" mass="0.1"/>
    <geom name="rubble_1340" type="box" size="0.050 0.050 0.0486" pos="9.958 1.694 0.0486" axisangle="0 0 1 0.132" material="wood" mass="0.1"/>
    <geom name="rubble_1341" type="box" size="0.050 0.050 0.0251" pos="9.937 1.807 0.0251" axisangle="0 0 1 -0.040" material="wood" mass="0.1"/>
    <geom name="rubble_1342" type="box" size="0.050 0.050 0.0214" pos="9.960 1.903 0.0214" axisangle="0 0 1 0.218" material="wood" mass="0.1"/>
    <geom name="rubble_1343" type="box" size="0.050 0.050 0.0487" pos="9.948 1.999 0.0487" axisangle="0 0 1 -0.090" material="wood" mass="0.1"/>
    <geom name="rubble_1344" type="box" size="0.050 0.050 0.0259" pos="9.935 2.114 0.0259" axisangle="0 0 1 -0.045" material="wood" mass="0.1"/>
    <geom name="rubble_1345" type="box" size="0.050 0.050 0.0485" pos="9.943 2.193 0.0485" axisangle="0 0 1 -0.014" material="wood" mass="0.1"/>
    <geom name="rubble_1346" type="box" size="0.050 0.050 0.0390" pos="9.962 2.293 0.0390" axisangle="0 0 1 0.198" material="wood" mass="0.1"/>
    <geom name="rubble_1347" type="box" size="0.050 0.050 0.0255" pos="9.961 2.382 0.0255" axisangle="0 0 1 0.051" material="wood" mass="0.1"/>
    <geom name="rubble_1348" type="box" size="0.050 0.050 0.0200" pos="9.965 2.496 0.0200" axisangle="0 0 1 -0.131" material="wood" mass="0.1"/>
    <geom name="rubble_1349" type="box" size="0.050 0.050 0.0269" pos="9.957 2.587 0.0269" axisangle="0 0 1 -0.111" material="wood" mass="0.1"/>
    <geom name="rubble_1350" type="box" size="0.050 0.050 0.0238" pos="9.943 2.694 0.0238" axisangle="0 0 1 0.228" material="wood" mass="0.1"/>
    <geom name="rubble_1351" type="box" size="0.050 0.050 0.0067" pos="10.064 1.305 0.0067" axisangle="0 0 1 0.056" material="wood" mass="0.1"/>
    <geom name="rubble_1352" type="box" size="0.050 0.050 0.0242" pos="10.042 1.402 0.0242" axisangle="0 0 1 0.054" material="wood" mass="0.1"/>
    <geom name="rubble_1353" type="box" size="0.050 0.050 0.0119" pos="10.059 1.494 0.0119" axisangle="0 0 1 -0.016" material="wood" mass="0.1"/>
    <geom name="rubble_1354" type="box" size="0.050 0.050 0.0257" pos="10.050 1.616 0.0257" axisangle="0 0 1 0.009" material="wood" mass="0.1"/>
    <geom name="rubble_1355" type="box" size="0.050 0.050 0.0064" pos="10.044 1.706 0.0064" axisangle="0 0 1 0.199" material="wood" mass="0.1"/>
    <geom name="rubble_1356" type="box" size="0.050 0.050 0.0412" pos="10.031 1.797 0.0412" axisangle="0 0 1 -0.023" material="wood" mass="0.1"/>
    <geom name="rubble_1357" type="box" size="0.050 0.050 0.0065" pos="10.042 1.895 0.0065" axisangle="0 0 1 -0.027" material="wood" mass="0.1"/>
    <geom name="rubble_1358" type="box" size="0.050 0.050 0.0122" pos="10.030 2.002 0.0122" axisangle="0 0 1 -0.082" material="wood" mass="0.1"/>
    <geom name="rubble_1359" type="box" size="0.050 0.050 0.0278" pos="10.055 2.107 0.0278" axisangle="0 0 1 -0.217" material="wood" mass="0.1"/>
    <geom name="rubble_1360" type="box" size="0.050 0.050 0.0421" pos="10.038 2.201 0.0421" axisangle="0 0 1 -0.224" material="wood" mass="0.1"/>
    <geom name="rubble_1361" type="box" size="0.050 0.050 0.0374" pos="10.049 2.318 0.0374" axisangle="0 0 1 -0.089" material="wood" mass="0.1"/>
    <geom name="rubble_1362" type="box" size="0.050 0.050 0.0103" pos="10.044 2.387 0.0103" axisangle="0 0 1 -0.041" material="wood" mass="0.1"/>
    <geom name="rubble_1363" type="box" size="0.050 0.050 0.0229" pos="10.041 2.503 0.0229" axisangle="0 0 1 0.081" material="wood" mass="0.1"/>
    <geom name="rubble_1364" type="box" size="0.050 0.050 0.0455" pos="10.069 2.615 0.0455" axisangle="0 0 1 0.107" material="wood" mass="0.1"/>
    <geom name="rubble_1365" type="box" size="0.050 0.050 0.0058" pos="10.046 2.698 0.0058" axisangle="0 0 1 -0.077" material="wood" mass="0.1"/>
    <geom name="rubble_1366" type="box" size="0.050 0.050 0.0333" pos="10.154 1.305 0.0333" axisangle="0 0 1 -0.216" material="wood" mass="0.1"/>
    <geom name="rubble_1367" type="box" size="0.050 0.050 0.0114" pos="10.163 1.400 0.0114" axisangle="0 0 1 0.066" material="wood" mass="0.1"/>
    <geom name="rubble_1368" type="box" size="0.050 0.050 0.0424" pos="10.140 1.494 0.0424" axisangle="0 0 1 -0.150" material="wood" mass="0.1"/>
    <geom name="rubble_1369" type="box" size="0.050 0.050 0.0139" pos="10.152 1.600 0.0139" axisangle="0 0 1 -0.009" material="wood" mass="0.1"/>
    <geom name="rubble_1370" type="box" size="0.050 0.050 0.0163" pos="10.136 1.710 0.0163" axisangle="0 0 1 -0.061" material="wood" mass="0.1"/>
    <geom name="rubble_1371" type="box" size="0.050 0.050 0.0336" pos="10.150 1.815 0.0336" axisangle="0 0 1 0.128" material="wood" mass="0.1"/>
    <geom name="rubble_1372" type="box" size="0.050 0.050 0.0029" pos="10.133 1.897 0.0029" axisangle="0 0 1 -0.004" material="wood" mass="0.1"/>
    <geom name="rubble_1373" type="box" size="0.050 0.050 0.0256" pos="10.153 2.006 0.0256" axisangle="0 0 1 -0.199" material="wood" mass="0.1"/>
    <geom name="rubble_1374" type="box" size="0.050 0.050 0.0495" pos="10.143 2.102 0.0495" axisangle="0 0 1 -0.034" material="wood" mass="0.1"/>
    <geom name="rubble_1375" type="box" size="0.050 0.050 0.0183" pos="10.170 2.198 0.0183" axisangle="0 0 1 -0.258" material="wood" mass="0.1"/>
    <geom name="rubble_1376" type="box" size="0.050 0.050 0.0152" pos="10.141 2.285 0.0152" axisangle="0 0 1 -0.007" material="wood" mass="0.1"/>
    <geom name="rubble_1377" type="box" size="0.050 0.050 0.0114" pos="10.148 2.410 0.0114" axisangle="0 0 1 0.006" material="wood" mass="0.1"/>
    <geom name="rubble_1378" type="box" size="0.050 0.050 0.0384" pos="10.156 2.518 0.0384" axisangle="0 0 1 -0.202" material="wood" mass="0.1"/>
    <geom name="rubble_1379" type="box" size="0.050 0.050 0.0042" pos="10.144 2.615 0.0042" axisangle="0 0 1 -0.140" material="wood" mass="0.1"/>
    <geom name="rubble_1380" type="box" size="0.050 0.050 0.0229" pos="10.168 2.704 0.0229" axisangle="0 0 1 0.106" material="wood" mass="0.1"/>
    <geom name="rubble_1381" type="box" size="0.050 0.050 0.0068" pos="10.255 1.315 0.0068" axisangle="0 0 1 0.131" material="wood" mass="0.1"/>
    <geom name="rubble_1382" type="box" size="0.050 0.050 0.0110" pos="10.257 1.383 0.0110" axisangle="0 0 1 -0.259" material="wood" mass="0.1"/>
    <geom name="rubble_1383" type="box" size="0.050 0.050 0.0120" pos="10.237 1.519 0.0120" axisangle="0 0 1 -0.042" material="wood" mass="0.1"/>
    <geom name="rubble_1384" type="box" size="0.050 0.050 0.0081" pos="10.255 1.600 0.0081" axisangle="0 0 1 0.003" material="wood" mass="0.1"/>
    <geom name="rubble_1385" type="box" size="0.050 0.050 0.0096" pos="10.263 1.707 0.0096" axisangle="0 0 1 -0.210" material="wood" mass="0.1"/>
    <geom name="rubble_1386" type="box" size="0.050 0.050 0.0328" pos="10.266 1.816 0.0328" axisangle="0 0 1 -0.060" material="wood" mass="0.1"/>
    <geom name="rubble_1387" type="box" size="0.050 0.050 0.0095" pos="10.253 1.918 0.0095" axisangle="0 0 1 -0.202" material="wood" mass="0.1"/>
    <geom name="rubble_1388" type="box" size="0.050 0.050 0.0241" pos="10.230 2.013 0.0241" axisangle="0 0 1 0.223" material="wood" mass="0.1"/>
    <geom name="rubble_1389" type="box" size="0.050 0.050 0.0475" pos="10.248 2.096 0.0475" axisangle="0 0 1 0.093" material="wood" mass="0.1"/>
    <geom name="rubble_1390" type="box" size="0.050 0.050 0.0364" pos="10.233 2.184 0.0364" axisangle="0 0 1 0.193" material="wood" mass="0.1"/>
    <geom name="rubble_1391" type="box" size="0.050 0.050 0.0121" pos="10.244 2.303 0.0121" axisangle="0 0 1 0.206" material="wood" mass="0.1"/>
    <geom name="rubble_1392" type="box" size="0.050 0.050 0.0062" pos="10.250 2.382 0.0062" axisangle="0 0 1 0.059" material="wood" mass="0.1"/>
    <geom name="rubble_1393" type="box" size="0.050 0.050 0.0152" pos="10.245 2.509 0.0152" axisangle="0 0 1 -0.047" material="wood" mass="0.1"/>
    <geom name="rubble_1394" type="box" size="0.050 0.050 0.0259" pos="10.258 2.600 0.0259" axisangle="0 0 1 0.213" material="wood" mass="0.1"/>
    <geom name="rubble_1395" type="box" size="0.050 0.050 0.0464" pos="10.258 2.711 0.0464" axisangle="0 0 1 0.219" material="wood" mass="0.1"/>
    <geom name="rubble_1396" type="box" size="0.050 0.050 0.0194" pos="10.367 1.312 0.0194" axisangle="0 0 1 -0.018" material="wood" mass="0.1"/>
    <geom name="rubble_1397" type="box" size="0.050 0.050 0.0291" pos="10.342 1.413 0.0291" axisangle="0 0 1 -0.142" material="wood" mass="0.1"/>
    <geom name="rubble_1398" type="box" size="0.050 0.050 0.0168" pos="10.332 1.507 0.0168" axisangle="0 0 1 -0.247" material="wood" mass="0.1"/>
    <geom name="rubble_1399" type="box" size="0.050 0.050 0.0442" pos="10.335 1.589 0.0442" axisangle="0 0 1 0.233" material="wood" mass="0.1"/>
    <geom name="rubble_1400" type="box" size="0.050 0.050 0.0465" pos="10.350 1.680 0.0465" axisangle="0 0 1 0.202" material="wood" mass="0.1"/>
    <geom name="rubble_1401" type="box" size="0.050 0.050 0.0237" pos="10.365 1.794 0.0237" axisangle="0 0 1 -0.056" material="wood" mass="0.1"/>
    <geom name="rubble_1402" type="box" size="0.050 0.050 0.0477" pos="10.330 1.885 0.0477" axisangle="0 0 1 0.015" material="wood" mass="0.1"/>
    <geom name="rubble_1403" type="box" size="0.050 0.050 0.0424" pos="10.369 2.014 0.0424" axisangle="0 0 1 -0.258" material="wood" mass="0.1"/>
    <geom name="rubble_1404" type="box" size="0.050 0.050 0.0091" pos="10.365 2.116 0.0091" axisangle="0 0 1 0.049" material="wood" mass="0.1"/>
    <geom name="rubble_1405" type="box" size="0.050 0.050 0.0172" pos="10.353 2.180 0.0172" axisangle="0 0 1 -0.011" material="wood" mass="0.1"/>
    <geom name="rubble_1406" type="box" size="0.050 0.050 0.0262" pos="10.360 2.315 0.0262" axisangle="0 0 1 -0.068" material="wood" mass="0.1"/>
    <geom name="rubble_1407" type="box" size="0.050 0.050 0.0377" pos="10.353 2.387 0.0377" axisangle="0 0 1 -0.149" material="wood" mass="0.1"/>
    <geom name="rubble_1408" type="box" size="0.050 0.050 0.0482" pos="10.339 2.503 0.0482" axisangle="0 0 1 -0.024" material="wood" mass="0.1"/>
    <geom name="rubble_1409" type="box" size="0.050 0.050 0.0256" pos="10.360 2.597 0.0256" axisangle="0 0 1 0.230" material="wood" mass="0.1"/>
    <geom name="rubble_1410" type="box" size="0.050 0.050 0.0218" pos="10.346 2.715 0.0218" axisangle="0 0 1 0.022" material="wood" mass="0.1"/>
    <geom name="rubble_1411" type="box" size="0.050 0.050 0.0163" pos="10.455 1.293 0.0163" axisangle="0 0 1 -0.039" material="wood" mass="0.1"/>
    <geom name="rubble_1412" type="box" size="0.050 0.050 0.0351" pos="10.469 1.418 0.0351" axisangle="0 0 1 0.047" material="wood" mass="0.1"/>
    <geom name="rubble_1413" type="box" size="0.050 0.050 0.0417" pos="10.464 1.507 0.0417" axisangle="0 0 1 0.016" material="wood" mass="0.1"/>
    <geom name="rubble_1414" type="box" size="0.050 0.050 0.0135" pos="10.450 1.615 0.0135" axisangle="0 0 1 -0.007" material="wood" mass="0.1"/>
    <geom name="rubble_1415" type="box" size="0.050 0.050 0.0493" pos="10.468 1.719 0.0493" axisangle="0 0 1 0.090" material="wood" mass="0.1"/>
    <geom name="rubble_1416" type="box" size="0.050 0.050 0.0366" pos="10.452 1.798 0.0366" axisangle="0 0 1 0.072" material="wood" mass="0.1"/>
    <geom name="rubble_1417" type="box" size="0.050 0.050 0.0463" pos="10.466 1.906 0.0463" axisangle="0 0 1 0.144" material="wood" mass="0.1"/>
    <geom name="rubble_1418" type="box" size="0.050 0.050 0.0347" pos="10.431 1.997 0.0347" axisangle="0 0 1 -0.083" material="wood" mass="0.1"/>
    <geom name="rubble_1419" type="box" size="0.050 0.050 0.0450" pos="10.439 2.103 0.0450" axisangle="0 0 1 -0.096" material="wood" mass="0.1"/>
    <geom name="rubble_1420" type="box" size="0.050 0.050 0.0048" pos="10.461 2.204 0.0048" axisangle="0 0 1 0.126" material="wood" mass="0.1"/>
    <geom name="rubble_1421" type="box" size="0.050 0.050 0.0238" pos="10.465 2.280 0.0238" axisangle="0 0 1 0.068" material="wood" mass="0.1"/>
    <geom name="rubble_1422" type="box" size="0.050 0.050 0.0253" pos="10.458 2.394 0.0253" axisangle="0 0 1 -0.027" material="wood" mass="0.1"/>
    <geom name="rubble_1423" type="box" size="0.050 0.050 0.0045" pos="10.431 2.502 0.0045" axisangle="0 0 1 0.163" material="wood" mass="0.1"/>
    <geom name="rubble_1424" type="box" size="0.050 0.050 0.0371" pos="10.464 2.618 0.0371" axisangle="0 0 1 0.128" material="wood" mass="0.1"/>
    <geom name="rubble_1425" type="box" size="0.050 0.050 0.0041" pos="10.454 2.694 0.0041" axisangle="0 0 1 0.142" material="wood" mass="0.1"/>
    <geom name="rubble_1426" type="box" size="0.050 0.050 0.0276" pos="10.548 1.295 0.0276" axisangle="0 0 1 0.071" material="wood" mass="0.1"/>
    <geom name="rubble_1427" type="box" size="0.050 0.050 0.0062" pos="10.552 1.404 0.0062" axisangle="0 0 1 0.177" material="wood" mass="0.1"/>
    <geom name="rubble_1428" type="box" size="0.050 0.050 0.0301" pos="10.547 1.486 0.0301" axisangle="0 0 1 0.133" material="wood" mass="0.1"/>
    <geom name="rubble_1429" type="box" size="0.050 0.050 0.0362" pos="10.566 1.600 0.0362" axisangle="0 0 1 0.185" material="wood" mass="0.1"/>
    <geom name="rubble_1430" type="box" size="0.050 0.050 0.0088" pos="10.560 1.713 0.0088" axisangle="0 0 1 -0.148" material="wood" mass="0.1"/>
    <geom name="rubble_1431" type="box" size="0.050 0.050 0.0162" pos="10.564 1.804 0.0162" axisangle="0 0 1 -0.121" material="wood" mass="0.1"/>
    <geom name="rubble_1432" type="box" size="0.050 0.050 0.0360" pos="10.563 1.893 0.0360" axisangle="0 0 1 0.147" material="wood" mass="0.1"/>
    <geom name="rubble_1433" type="box" size="0.050 0.050 0.0074" pos="10.561 1.990 0.0074" axisangle="0 0 1 -0.061" material="wood" mass="0.1"/>
    <geom name="rubble_1434" type="box" size="0.050 0.050 0.0419" pos="10.544 2.086 0.0419" axisangle="0 0 1 0.105" material="wood" mass="0.1"/>
    <geom name="rubble_1435" type="box" size="0.050 0.050 0.0359" pos="10.531 2.195 0.0359" axisangle="0 0 1 -0.236" material="wood" mass="0.1"/>
    <geom name="rubble_1436" type="box" size="0.050 0.050 0.0102" pos="10.551 2.318 0.0102" axisangle="0 0 1 -0.196" material="wood" mass="0.1"/>
    <geom name="rubble_1437" type="box" size="0.050 0.050 0.0332" pos="10.562 2.384 0.0332" axisangle="0 0 1 0.064" material="wood" mass="0.1"/>
    <geom name="rubble_1438" type="box" size="0.050 0.050 0.0163" pos="10.551 2.513 0.0163" axisangle="0 0 1 0.027" material="wood" mass="0.1"/>
    <geom name="rubble_1439" type="box" size="0.050 0.050 0.0369" pos="10.560 2.605 0.0369" axisangle="0 0 1 0.125" material="wood" mass="0.1"/>
    <geom name="rubble_1440" type="box" size="0.050 0.050 0.0320" pos="10.552 2.707 0.0320" axisangle="0 0 1 -0.182" material="wood" mass="0.1"/>
    <geom name="rubble_1441" type="box" size="0.050 0.050 0.0294" pos="10.664 1.282 0.0294" axisangle="0 0 1 -0.142" material="wood" mass="0.1"/>
    <geom name="rubble_1442" type="box" size="0.050 0.050 0.0172" pos="10.631 1.381 0.0172" axisangle="0 0 1 0.044" material="wood" mass="0.1"/>
    <geom name="rubble_1443" type="box" size="0.050 0.050 0.0120" pos="10.657 1.484 0.0120" axisangle="0 0 1 0.176" material="wood" mass="0.1"/>
    <geom name="rubble_1444" type="box" size="0.050 0.050 0.0373" pos="10.632 1.608 0.0373" axisangle="0 0 1 -0.211" material="wood" mass="0.1"/>
    <geom name="rubble_1445" type="box" size="0.050 0.050 0.0464" pos="10.639 1.715 0.0464" axisangle="0 0 1 0.026" material="wood" mass="0.1"/>
    <geom name="rubble_1446" type="box" size="0.050 0.050 0.0182" pos="10.649 1.804 0.0182" axisangle="0 0 1 0.236" material="wood" mass="0.1"/>
    <geom name="rubble_1447" type="box" size="0.050 0.050 0.0446" pos="10.645 1.902 0.0446" axisangle="0 0 1 0.157" material="wood" mass="0.1"/>
    <geom name="rubble_1448" type="box" size="0.050 0.050 0.0394" pos="10.643 1.998 0.0394" axisangle="0 0 1 -0.119" material="wood" mass="0.1"/>
    <geom name="rubble_1449" type="box" size="0.050 0.050 0.0467" pos="10.650 2.082 0.0467" axisangle="0 0 1 -0.249" material="wood" mass="0.1"/>
    <geom name="rubble_1450" type="box" size="0.050 0.050 0.0119" pos="10.657 2.196 0.0119" axisangle="0 0 1 0.181" material="wood" mass="0.1"/>
    <geom name="rubble_1451" type="box" size="0.050 0.050 0.0138" pos="10.659 2.312 0.0138" axisangle="0 0 1 0.086" material="wood" mass="0.1"/>
    <geom name="rubble_1452" type="box" size="0.050 0.050 0.0309" pos="10.645 2.407 0.0309" axisangle="0 0 1 0.084" material="wood" mass="0.1"/>
    <geom name="rubble_1453" type="box" size="0.050 0.050 0.0388" pos="10.669 2.488 0.0388" axisangle="0 0 1 0.128" material="wood" mass="0.1"/>
    <geom name="rubble_1454" type="box" size="0.050 0.050 0.0067" pos="10.635 2.616 0.0067" axisangle="0 0 1 -0.075" material="wood" mass="0.1"/>
    <geom name="rubble_1455" type="box" size="0.050 0.050 0.0404" pos="10.655 2.714 0.0404" axisangle="0 0 1 0.025" material="wood" mass="0.1"/>
    <geom name="rubble_1456" type="box" size="0.050 0.050 0.0361" pos="10.750 1.283 0.0361" axisangle="0 0 1 0.046" material="wood" mass="0.1"/>
    <geom name="rubble_1457" type="box" size="0.050 0.050 0.0397" pos="10.756 1.387 0.0397" axisangle="0 0 1 -0.121" material="wood" mass="0.1"/>
    <geom name="rubble_1458" type="box" size="0.050 0.050 0.0358" pos="10.755 1.496 0.0358" axisangle="0 0 1 0.011" material="wood" mass="0.1"/>
    <geom name="rubble_1459" type="box" size="0.050 0.050 0.0221" pos="10.749 1.596 0.0221" axisangle="0 0 1 0.098" material="wood" mass="0.1"/>
    <geom name="rubble_1460" type="box" size="0.050 0.050 0.0096" pos="10.747 1.681 0.0096" axisangle="0 0 1 -0.190" material="wood" mass="0.1"/>
    <geom name="rubble_1461" type="box" size="0.050 0.050 0.0215" pos="10.755 1.806 0.0215" axisangle="0 0 1 0.091" material="wood" mass="0.1"/>
    <geom name="rubble_1462" type="box" size="0.050 0.050 0.0039" pos="10.736 1.885 0.0039" axisangle="0 0 1 0.068" material="wood" mass="0.1"/>
    <geom name="rubble_1463" type="box" size="0.050 0.050 0.0363" pos="10.732 1.981 0.0363" axisangle="0 0 1 -0.134" material="wood" mass="0.1"/>
    <geom name="rubble_1464" type="box" size="0.050 0.050 0.0151" pos="10.740 2.089 0.0151" axisangle="0 0 1 -0.163" material="wood" mass="0.1"/>
    <geom name="rubble_1465" type="box" size="0.050 0.050 0.0067" pos="10.759 2.199 0.0067" axisangle="0 0 1 -0.135" material="wood" mass="0.1"/>
    <geom name="rubble_1466" type="box" size="0.050 0.050 0.0411" pos="10.730 2.294 0.0411" axisangle="0 0 1 -0.231" material="wood" mass="0.1"/>
    <geom name="rubble_1467" type="box" size="0.050 0.050 0.0233" pos="10.766 2.389 0.0233" axisangle="0 0 1 0.177" material="wood" mass="0.1"/>
    <geom name="rubble_1468" type="box" size="0.050 0.050 0.0268" pos="10.759 2.489 0.0268" axisangle="0 0 1 0.044" material="wood" mass="0.1"/>
    <geom name="rubble_1469" type="box" size="0.050 0.050 0.0080" pos="10.753 2.611 0.0080" axisangle="0 0 1 0.037" material="wood" mass="0.1"/>
    <geom name="rubble_1470" type="box" size="0.050 0.050 0.0034" pos="10.737 2.685 0.0034" axisangle="0 0 1 -0.062" material="wood" mass="0.1"/>
    <geom name="rubble_1471" type="box" size="0.050 0.050 0.0130" pos="10.843 1.315 0.0130" axisangle="0 0 1 -0.157" material="wood" mass="0.1"/>
    <geom name="rubble_1472" type="box" size="0.050 0.050 0.0435" pos="10.857 1.381 0.0435" axisangle="0 0 1 0.056" material="wood" mass="0.1"/>
    <geom name="rubble_1473" type="box" size="0.050 0.050 0.0364" pos="10.867 1.481 0.0364" axisangle="0 0 1 -0.094" material="wood" mass="0.1"/>
    <geom name="rubble_1474" type="box" size="0.050 0.050 0.0395" pos="10.857 1.612 0.0395" axisangle="0 0 1 0.250" material="wood" mass="0.1"/>
    <geom name="rubble_1475" type="box" size="0.050 0.050 0.0163" pos="10.831 1.705 0.0163" axisangle="0 0 1 -0.001" material="wood" mass="0.1"/>
    <geom name="rubble_1476" type="box" size="0.050 0.050 0.0497" pos="10.841 1.797 0.0497" axisangle="0 0 1 0.150" material="wood" mass="0.1"/>
    <geom name="rubble_1477" type="box" size="0.050 0.050 0.0251" pos="10.843 1.905 0.0251" axisangle="0 0 1 0.012" material="wood" mass="0.1"/>
    <geom name="rubble_1478" type="box" size="0.050 0.050 0.0383" pos="10.847 2.017 0.0383" axisangle="0 0 1 -0.136" material="wood" mass="0.1"/>
    <geom name="rubble_1479" type="box" size="0.050 0.050 0.0090" pos="10.842 2.116 0.0090" axisangle="0 0 1 -0.163" material="wood" mass="0.1"/>
    <geom name="rubble_1480" type="box" size="0.050 0.050 0.0270" pos="10.868 2.189 0.0270" axisangle="0 0 1 0.222" material="wood" mass="0.1"/>
    <geom name="rubble_1481" type="box" size="0.050 0.050 0.0328" pos="10.840 2.303 0.0328" axisangle="0 0 1 -0.245" material="wood" mass="0.1"/>
    <geom name="rubble_1482" type="box" size="0.050 0.050 0.0106" pos="10.859 2.395 0.0106" axisangle="0 0 1 0.111" material="wood" mass="0.1"/>
    <geom name="rubble_1483" type="box" size="0.050 0.050 0.0211" pos="10.858 2.490 0.0211" axisangle="0 0 1 -0.120" material="wood" mass="0.1"/>
    <geom name="rubble_1484" type="box" size="0.050 0.050 0.0091" pos="10.868 2.584 0.0091" axisangle="0 0 1 -0.136" material="wood" mass="0.1"/>
    <geom name="rubble_1485" type="box" size="0.050 0.050 0.0396" pos="10.853 2.693 0.0396" axisangle="0 0 1 -0.176" material="wood" mass="0.1"/>
    <geom name="rubble_1486" type="box" size="0.050 0.050 0.0390" pos="10.935 1.294 0.0390" axisangle="0 0 1 0.075" material="wood" mass="0.1"/>
    <geom name="rubble_1487" type="box" size="0.050 0.050 0.0379" pos="10.957 1.396 0.0379" axisangle="0 0 1 -0.141" material="wood" mass="0.1"/>
    <geom name="rubble_1488" type="box" size="0.050 0.050 0.0425" pos="10.940 1.497 0.0425" axisangle="0 0 1 0.138" material="wood" mass="0.1"/>
    <geom name="rubble_1489" type="box" size="0.050 0.050 0.0449" pos="10.959 1.590 0.0449" axisangle="0 0 1 -0.240" material="wood" mass="0.1"/>
    <geom name="rubble_1490" type="box" size="0.050 0.050 0.0151" pos="10.933 1.691 0.0151" axisangle="0 0 1 0.143" material="wood" mass="0.1"/>
    <geom name="rubble_1491" type="box" size="0.050 0.050 0.0358" pos="10.930 1.782 0.0358" axisangle="0 0 1 -0.069" material="wood" mass="0.1"/>
    <geom name="rubble_1492" type="box" size="0.050 0.050 0.0027" pos="10.962 1.899 0.0027" axisangle="0 0 1 0.114" material="wood" mass="0.1"/>
    <geom name="rubble_1493" type="box" size="0.050 0.050 0.0204" pos="10.932 2.000 0.0204" axisangle="0 0 1 0.050" material="wood" mass="0.1"/>
    <geom name="rubble_1494" type="box" size="0.050 0.050 0.0377" pos="10.936 2.087 0.0377" axisangle="0 0 1 -0.019" material="wood" mass="0.1"/>
    <geom name="rubble_1495" type="box" size="0.050 0.050 0.0094" pos="10.934 2.187 0.0094" axisangle="0 0 1 -0.218" material="wood" mass="0.1"/>
    <geom name="rubble_1496" type="box" size="0.050 0.050 0.0080" pos="10.951 2.291 0.0080" axisangle="0 0 1 0.086" material="wood" mass="0.1"/>
    <geom name="rubble_1497" type="box" size="0.050 0.050 0.0098" pos="10.957 2.416 0.0098" axisangle="0 0 1 -0.206" material="wood" mass="0.1"/>
    <geom name="rubble_1498" type="box" size="0.050 0.050 0.0472" pos="10.962 2.500 0.0472" axisangle="0 0 1 0.026" material="wood" mass="0.1"/>
    <geom name="rubble_1499" type="box" size="0.050 0.050 0.0387" pos="10.959 2.589 0.0387" axisangle="0 0 1 -0.166" material="wood" mass="0.1"/>
    <geom name="rubble_1500" type="box" size="0.050 0.050 0.0287" pos="10.939 2.693 0.0287" axisangle="0 0 1 -0.155" material="wood" mass="0.1"/>
    <geom name="rubble_1501" type="box" size="0.050 0.050 0.0353" pos="11.054 1.312 0.0353" axisangle="0 0 1 0.127" material="wood" mass="0.1"/>
    <geom name="rubble_1502" type="box" size="0.050 0.050 0.0035" pos="11.050 1.417 0.0035" axisangle="0 0 1 -0.132" material="wood" mass="0.1"/>
    <geom name="rubble_1503" type="box" size="0.050 0.050 0.0261" pos="11.042 1.484 0.0261" axisangle="0 0 1 -0.121" material="wood" mass="0.1"/>
    <geom name="rubble_1504" type="box" size="0.050 0.050 0.0258" pos="11.047 1.585 0.0258" axisangle="0 0 1 0.235" material="wood" mass="0.1"/>
    <geom name="rubble_1505" type="box" size="0.050 0.050 0.0376" pos="11.056 1.716 0.0376" axisangle="0 0 1 -0.243" material="wood" mass="0.1"/>
    <geom name="rubble_1506" type="box" size="0.050 0.050 0.0208" pos="11.059 1.808 0.0208" axisangle="0 0 1 0.116" material="wood" mass="0.1"/>
    <geom name="rubble_1507" type="box" size="0.050 0.050 0.0432" pos="11.061 1.898 0.0432" axisangle="0 0 1 -0.146" material="wood" mass="0.1"/>
    <geom name="rubble_1508" type="box" size="0.050 0.050 0.0479" pos="11.063 2.019 0.0479" axisangle="0 0 1 0.260" material="wood" mass="0.1"/>
    <geom name="rubble_1509" type="box" size="0.050 0.050 0.0245" pos="11.058 2.095 0.0245" axisangle="0 0 1 -0.096" material="wood" mass="0.1"/>
    <geom name="rubble_1510" type="box" size="0.050 0.050 0.0436" pos="11.038 2.219 0.0436" axisangle="0 0 1 -0.164" material="wood" mass="0.1"/>
    <geom name="rubble_1511" type="box" size="0.050 0.050 0.0380" pos="11.054 2.320 0.0380" axisangle="0 0 1 -0.075" material="wood" mass="0.1"/>
    <geom name="rubble_1512" type="box" size="0.050 0.050 0.0336" pos="11.041 2.418 0.0336" axisangle="0 0 1 0.048" material="wood" mass="0.1"/>
    <geom name="rubble_1513" type="box" size="0.050 0.050 0.0037" pos="11.057 2.510 0.0037" axisangle="0 0 1 -0.060" material="wood" mass="0.1"/>
    <geom name="rubble_1514" type="box" size="0.050 0.050 0.0212" pos="11.037 2.613 0.0212" axisangle="0 0 1 0.248" material="wood" mass="0.1"/>
    <geom name="rubble_1515" type="box" size="0.050 0.050 0.0374" pos="11.036 2.682 0.0374" axisangle="0 0 1 -0.089" material="wood" mass="0.1"/>
    <geom name="rubble_1516" type="box" size="0.050 0.050 0.0066" pos="11.138 1.301 0.0066" axisangle="0 0 1 -0.225" material="wood" mass="0.1"/>
    <geom name="rubble_1517" type="box" size="0.050 0.050 0.0071" pos="11.148 1.388 0.0071" axisangle="0 0 1 0.094" material="wood" mass="0.1"/>
    <geom name="rubble_1518" type="box" size="0.050 0.050 0.0429" pos="11.140 1.506 0.0429" axisangle="0 0 1 -0.224" material="wood" mass="0.1"/>
    <geom name="rubble_1519" type="box" size="0.050 0.050 0.0465" pos="11.148 1.619 0.0465" axisangle="0 0 1 -0.131" material="wood" mass="0.1"/>
    <geom name="rubble_1520" type="box" size="0.050 0.050 0.0179" pos="11.157 1.695 0.0179" axisangle="0 0 1 0.124" material="wood" mass="0.1"/>
    <geom name="rubble_1521" type="box" size="0.050 0.050 0.0307" pos="11.137 1.816 0.0307" axisangle="0 0 1 0.101" material="wood" mass="0.1"/>
    <geom name="rubble_1522" type="box" size="0.050 0.050 0.0413" pos="11.133 1.904 0.0413" axisangle="0 0 1 0.193" material="wood" mass="0.1"/>
    <geom name="rubble_1523" type="box" size="0.050 0.050 0.0446" pos="11.158 1.982 0.0446" axisangle="0 0 1 -0.213" material="wood" mass="0.1"/>
    <geom name="rubble_1524" type="box" size="0.050 0.050 0.0118" pos="11.140 2.100 0.0118" axisangle="0 0 1 0.196" material="wood" mass="0.1"/>
    <geom name="rubble_1525" type="box" size="0.050 0.050 0.0221" pos="11.138 2.185 0.0221" axisangle="0 0 1 0.211" material="wood" mass="0.1"/>
    <geom name="rubble_1526" type="box" size="0.050 0.050 0.0410" pos="11.141 2.304 0.0410" axisangle="0 0 1 -0.030" material="wood" mass="0.1"/>
    <geom name="rubble_1527" type="box" size="0.050 0.050 0.0333" pos="11.133 2.385 0.0333" axisangle="0 0 1 -0.213" material="wood" mass="0.1"/>
    <geom name="rubble_1528" type="box" size="0.050 0.050 0.0233" pos="11.132 2.486 0.0233" axisangle="0 0 1 -0.013" material="wood" mass="0.1"/>
    <geom name="rubble_1529" type="box" size="0.050 0.050 0.0263" pos="11.148 2.610 0.0263" axisangle="0 0 1 0.041" material="wood" mass="0.1"/>
    <geom name="rubble_1530" type="box" size="0.050 0.050 0.0450" pos="11.152 2.716 0.0450" axisangle="0 0 1 0.183" material="wood" mass="0.1"/>
    <geom name="rubble_1531" type="box" size="0.050 0.050 0.0463" pos="11.258 1.286 0.0463" axisangle="0 0 1 0.181" material="wood" mass="0.1"/>
    <geom name="rubble_1532" type="box" size="0.050 0.050 0.0050" pos="11.232 1.385 0.0050" axisangle="0 0 1 0.112" material="wood" mass="0.1"/>
    <geom name="rubble_1533" type="box" size="0.050 0.050 0.0094" pos="11.254 1.493 0.0094" axisangle="0 0 1 0.168" material="wood" mass="0.1"/>
    <geom name="rubble_1534" type="box" size="0.050 0.050 0.0155" pos="11.239 1.585 0.0155" axisangle="0 0 1 0.175" material="wood" mass="0.1"/>
    <geom name="rubble_1535" type="box" size="0.050 0.050 0.0471" pos="11.252 1.699 0.0471" axisangle="0 0 1 -0.209" material="wood" mass="0.1"/>
    <geom name="rubble_1536" type="box" size="0.050 0.050 0.0393" pos="11.238 1.785 0.0393" axisangle="0 0 1 0.021" material="wood" mass="0.1"/>
    <geom name="rubble_1537" type="box" size="0.050 0.050 0.0246" pos="11.265 1.887 0.0246" axisangle="0 0 1 -0.179" material="wood" mass="0.1"/>
    <geom name="rubble_1538" type="box" size="0.050 0.050 0.0406" pos="11.262 2.000 0.0406" axisangle="0 0 1 0.038" material="wood" mass="0.1"/>
    <geom name="rubble_1539" type="box" size="0.050 0.050 0.0115" pos="11.254 2.107 0.0115" axisangle="0 0 1 0.012" material="wood" mass="0.1"/>
    <geom name="rubble_1540" type="box" size="0.050 0.050 0.0310" pos="11.232 2.184 0.0310" axisangle="0 0 1 -0.258" material="wood" mass="0.1"/>
    <geom name="rubble_1541" type="box" size="0.050 0.050 0.0259" pos="11.246 2.300 0.0259" axisangle="0 0 1 -0.015" material="wood" mass="0.1"/>
    <geom name="rubble_1542" type="box" size="0.050 0.050 0.0269" pos="11.237 2.408 0.0269" axisangle="0 0 1 0.063" material="wood" mass="0.1"/>
    <geom name="rubble_1543" type="box" size="0.050 0.050 0.0490" pos="11.232 2.495 0.0490" axisangle="0 0 1 0.241" material="wood" mass="0.1"/>
    <geom name="rubble_1544" type="box" size="0.050 0.050 0.0299" pos="11.259 2.601 0.0299" axisangle="0 0 1 0.027" material="wood" mass="0.1"/>
    <geom name="rubble_1545" type="box" size="0.050 0.050 0.0254" pos="11.265 2.720 0.0254" axisangle="0 0 1 0.110" material="wood" mass="0.1"/>
    <geom name="rubble_1546" type="box" size="0.050 0.050 0.0213" pos="11.368 1.310 0.0213" axisangle="0 0 1 0.252" material="wood" mass="0.1"/>
    <geom name="rubble_1547" type="box" size="0.050 0.050 0.0486" pos="11.346 1.404 0.0486" axisangle="0 0 1 0.229" material="wood" mass="0.1"/>
    <geom name="rubble_1548" type="box" size="0.050 0.050 0.0044" pos="11.361 1.505 0.0044" axisangle="0 0 1 -0.245" material="wood" mass="0.1"/>
    <geom name="rubble_1549" type="box" size="0.050 0.050 0.0223" pos="11.336 1.613 0.0223" axisangle="0 0 1 0.199" material="wood" mass="0.1"/>
    <geom name="rubble_1550" type="box" size="0.050 0.050 0.0235" pos="11.368 1.682 0.0235" axisangle="0 0 1 -0.111" material="wood" mass="0.1"/>
    <geom name="rubble_1551" type="box" size="0.050 0.050 0.0050" pos="11.361 1.788 0.0050" axisangle="0 0 1 -0.130" material="wood" mass="0.1"/>
    <geom name="rubble_1552" type="box" size="0.050 0.050 0.0366" pos="11.348 1.899 0.0366" axisangle="0 0 1 0.139" material="wood" mass="0.1"/>
    <geom name="rubble_1553" type="box" size="0.050 0.050 0.0243" pos="11.344 2.007 0.0243" axisangle="0 0 1 0.214" material="wood" mass="0.1"/>
    <geom name="rubble_1554" type="box" size="0.050 0.050 0.0440" pos="11.341 2.118 0.0440" axisangle="0 0 1 -0.236" material="wood" mass="0.1"/>
    <geom name="rubble_1555" type="box" size="0.050 0.050 0.0043" pos="11.331 2.190 0.0043" axisangle="0 0 1 -0.024" material="wood" mass="0.1"/>
    <geom name="rubble_1556" type="box" size="0.050 0.050 0.0395" pos="11.351 2.308 0.0395" axisangle="0 0 1 -0.032" material="wood" mass="0.1"/>
    <geom name="rubble_1557" type="box" size="0.050 0.050 0.0149" pos="11.355 2.405 0.0149" axisangle="0 0 1 -0.259" material="wood" mass="0.1"/>
    <geom name="rubble_1558" type="box" size="0.050 0.050 0.0287" pos="11.331 2.519 0.0287" axisangle="0 0 1 0.124" material="wood" mass="0.1"/>
    <geom name="rubble_1559" type="box" size="0.050 0.050 0.0326" pos="11.338 2.611 0.0326" axisangle="0 0 1 0.080" material="wood" mass="0.1"/>
    <geom name="rubble_1560" type="box" size="0.050 0.050 0.0384" pos="11.331 2.691 0.0384" axisangle="0 0 1 -0.189" material="wood" mass="0.1"/>
    <geom name="rubble_1561" type="box" size="0.050 0.050 0.0376" pos="11.446 1.317 0.0376" axisangle="0 0 1 0.146" material="wood" mass="0.1"/>
    <geom name="rubble_1562" type="box" size="0.050 0.050 0.0261" pos="11.448 1.418 0.0261" axisangle="0 0 1 0.055" material="wood" mass="0.1"/>
    <geom name="rubble_1563" type="box" size="0.050 0.050 0.0026" pos="11.431 1.516 0.0026" axisangle="0 0 1 -0.230" material="wood" mass="0.1"/>
    <geom name="rubble_1564" type="box" size="0.050 0.050 0.0186" pos="11.438 1.617 0.0186" axisangle="0 0 1 0.237" material="wood" mass="0.1"/>
    <geom name="rubble_1565" type="box" size="0.050 0.050 0.0448" pos="11.456 1.693 0.0448" axisangle="0 0 1 0.203" material="wood" mass="0.1"/>
    <geom name="rubble_1566" type="box" size="0.050 0.050 0.0130" pos="11.468 1.782 0.0130" axisangle="0 0 1 -0.229" material="wood" mass="0.1"/>
    <geom name="rubble_1567" type="box" size="0.050 0.050 0.0055" pos="11.440 1.890 0.0055" axisangle="0 0 1 -0.122" material="wood" mass="0.1"/>
    <geom name="rubble_1568" type="box" size="0.050 0.050 0.0138" pos="11.443 2.002 0.0138" axisangle="0 0 1 -0.235" material="wood" mass="0.1"/>
    <geom name="rubble_1569" type="box" size="0.050 0.050 0.0464" pos="11.437 2.108 0.0464" axisangle="0 0 1 0.093" material="wood" mass="0.1"/>
    <geom name="rubble_1570" type="box" size="0.050 0.050 0.0283" pos="11.452 2.184 0.0283" axisangle="0 0 1 -0.096" material="wood" mass="0.1"/>
    <geom name="rubble_1571" type="box" size="0.050 0.050 0.0461" pos="11.440 2.293 0.0461" axisangle="0 0 1 -0.046" material="wood" mass="0.1"/>
    <geom name="rubble_1572" type="box" size="0.050 0.050 0.0252" pos="11.442 2.418 0.0252" axisangle="0 0 1 -0.034" material="wood" mass="0.1"/>
    <geom name="rubble_1573" type="box" size="0.050 0.050 0.0169" pos="11.455 2.487 0.0169" axisangle="0 0 1 0.149" material="wood" mass="0.1"/>
    <geom name="rubble_1574" type="box" size="0.050 0.050 0.0202" pos="11.457 2.616 0.0202" axisangle="0 0 1 -0.074" material="wood" mass="0.1"/>
    <geom name="rubble_1575" type="box" size="0.050 0.050 0.0065" pos="11.457 2.694 0.0065" axisangle="0 0 1 0.159" material="wood" mass="0.1"/>
    <geom name="rubble_1576" type="box" size="0.050 0.050 0.0362" pos="11.544 1.293 0.0362" axisangle="0 0 1 -0.092" material="wood" mass="0.1"/>
    <geom name="rubble_1577" type="box" size="0.050 0.050 0.0242" pos="11.559 1.390 0.0242" axisangle="0 0 1 0.140" material="wood" mass="0.1"/>
    <geom name="rubble_1578" type="box" size="0.050 0.050 0.0492" pos="11.543 1.517 0.0492" axisangle="0 0 1 0.130" material="wood" mass="0.1"/>
    <geom name="rubble_1579" type="box" size="0.050 0.050 0.0223" pos="11.542 1.583 0.0223" axisangle="0 0 1 0.063" material="wood" mass="0.1"/>
    <geom name="rubble_1580" type="box" size="0.050 0.050 0.0206" pos="11.552 1.681 0.0206" axisangle="0 0 1 0.129" material="wood" mass="0.1"/>
    <geom name="rubble_1581" type="box" size="0.050 0.050 0.0418" pos="11.533 1.800 0.0418" axisangle="0 0 1 -0.026" material="wood" mass="0.1"/>
    <geom name="rubble_1582" type="box" size="0.050 0.050 0.0485" pos="11.533 1.904 0.0485" axisangle="0 0 1 0.077" material="wood" mass="0.1"/>
    <geom name="rubble_1583" type="box" size="0.050 0.050 0.0467" pos="11.560 2.008 0.0467" axisangle="0 0 1 0.015" material="wood" mass="0.1"/>
    <geom name="rubble_1584" type="box" size="0.050 0.050 0.0039" pos="11.567 2.100 0.0039" axisangle="0 0 1 -0.041" material="wood" mass="0.1"/>
    <geom name="rubble_1585" type="box" size="0.050 0.050 0.0306" pos="11.535 2.208 0.0306" axisangle="0 0 1 -0.162" material="wood" mass="0.1"/>
    <geom name="rubble_1586" type="box" size="0.050 0.050 0.0054" pos="11.562 2.315 0.0054" axisangle="0 0 1 0.169" material="wood" mass="0.1"/>
    <geom name="rubble_1587" type="box" size="0.050 0.050 0.0069" pos="11.546 2.398 0.0069" axisangle="0 0 1 0.052" material="wood" mass="0.1"/>
    <geom name="rubble_1588" type="box" size="0.050 0.050 0.0175" pos="11.534 2.492 0.0175" axisangle="0 0 1 -0.258" material="wood" mass="0.1"/>
    <geom name="rubble_1589" type="box" size="0.050 0.050 0.0258" pos="11.561 2.618 0.0258" axisangle="0 0 1 0.148" material="wood" mass="0.1"/>
    <geom name="rubble_1590" type="box" size="0.050 0.050 0.0090" pos="11.555 2.689 0.0090" axisangle="0 0 1 -0.073" material="wood" mass="0.1"/>
    <geom name="rubble_1591" type="box" size="0.050 0.050 0.0460" pos="11.652 1.296 0.0460" axisangle="0 0 1 0.220" material="wood" mass="0.1"/>
    <geom name="rubble_1592" type="box" size="0.050 0.050 0.0482" pos="11.634 1.394 0.0482" axisangle="0 0 1 0.126" material="wood" mass="0.1"/>
    <geom name="rubble_1593" type="box" size="0.050 0.050 0.0341" pos="11.665 1.505 0.0341" axisangle="0 0 1 0.131" material="wood" mass="0.1"/>
    <geom name="rubble_1594" type="box" size="0.050 0.050 0.0358" pos="11.653 1.618 0.0358" axisangle="0 0 1 0.016" material="wood" mass="0.1"/>
    <geom name="rubble_1595" type="box" size="0.050 0.050 0.0119" pos="11.667 1.692 0.0119" axisangle="0 0 1 0.222" material="wood" mass="0.1"/>
    <geom name="rubble_1596" type="box" size="0.050 0.050 0.0447" pos="11.634 1.794 0.0447" axisangle="0 0 1 -0.168" material="wood" mass="0.1"/>
    <geom name="rubble_1597" type="box" size="0.050 0.050 0.0231" pos="11.662 1.907 0.0231" axisangle="0 0 1 -0.258" material="wood" mass="0.1"/>
    <geom name="rubble_1598" type="box" size="0.050 0.050 0.0098" pos="11.660 2.000 0.0098" axisangle="0 0 1 0.146" material="wood" mass="0.1"/>
    <geom name="rubble_1599" type="box" size="0.050 0.050 0.0072" pos="11.634 2.091 0.0072" axisangle="0 0 1 0.052" material="wood" mass="0.1"/>
    <geom name="rubble_1600" type="box" size="0.050 0.050 0.0461" pos="11.667 2.213 0.0461" axisangle="0 0 1 0.124" material="wood" mass="0.1"/>
    <geom name="rubble_1601" type="box" size="0.050 0.050 0.0195" pos="11.651 2.318 0.0195" axisangle="0 0 1 -0.182" material="wood" mass="0.1"/>
    <geom name="rubble_1602" type="box" size="0.050 0.050 0.0475" pos="11.640 2.409 0.0475" axisangle="0 0 1 0.157" material="wood" mass="0.1"/>
    <geom name="rubble_1603" type="box" size="0.050 0.050 0.0187" pos="11.662 2.510 0.0187" axisangle="0 0 1 0.152" material="wood" mass="0.1"/>
    <geom name="rubble_1604" type="box" size="0.050 0.050 0.0272" pos="11.638 2.598 0.0272" axisangle="0 0 1 0.078" material="wood" mass="0.1"/>
    <geom name="rubble_1605" type="box" size="0.050 0.050 0.0308" pos="11.636 2.682 0.0308" axisangle="0 0 1 0.033" material="wood" mass="0.1"/>
    <geom name="rubble_1606" type="box" size="0.050 0.050 0.0458" pos="11.731 1.300 0.0458" axisangle="0 0 1 -0.229" material="wood" mass="0.1"/>
    <geom name="rubble_1607" type="box" size="0.050 0.050 0.0402" pos="11.763 1.409 0.0402" axisangle="0 0 1 -0.235" material="wood" mass="0.1"/>
    <geom name="rubble_1608" type="box" size="0.050 0.050 0.0281" pos="11.738 1.485 0.0281" axisangle="0 0 1 -0.056" material="wood" mass="0.1"/>
    <geom name="rubble_1609" type="box" size="0.050 0.050 0.0276" pos="11.743 1.581 0.0276" axisangle="0 0 1 -0.078" material="wood" mass="0.1"/>
    <geom name="rubble_1610" type="box" size="0.050 0.050 0.0297" pos="11.736 1.716 0.0297" axisangle="0 0 1 -0.079" material="wood" mass="0.1"/>
    <geom name="rubble_1611" type="box" size="0.050 0.050 0.0244" pos="11.750 1.816 0.0244" axisangle="0 0 1 -0.186" material="wood" mass="0.1"/>
    <geom name="rubble_1612" type="box" size="0.050 0.050 0.0434" pos="11.733 1.887 0.0434" axisangle="0 0 1 0.177" material="wood" mass="0.1"/>
    <geom name="rubble_1613" type="box" size="0.050 0.050 0.0410" pos="11.745 2.006 0.0410" axisangle="0 0 1 -0.019" material="wood" mass="0.1"/>
    <geom name="rubble_1614" type="box" size="0.050 0.050 0.0282" pos="11.760 2.090 0.0282" axisangle="0 0 1 0.157" material="wood" mass="0.1"/>
    <geom name="rubble_1615" type="box" size="0.050 0.050 0.0273" pos="11.766 2.211 0.0273" axisangle="0 0 1 0.173" material="wood" mass="0.1"/>
    <geom name="rubble_1616" type="box" size="0.050 0.050 0.0308" pos="11.736 2.302 0.0308" axisangle="0 0 1 -0.012" material="wood" mass="0.1"/>
    <geom name="rubble_1617" type="box" size="0.050 0.050 0.0086" pos="11.750 2.402 0.0086" axisangle="0 0 1 0.025" material="wood" mass="0.1"/>
    <geom name="rubble_1618" type="box" size="0.050 0.050 0.0341" pos="11.742 2.482 0.0341" axisangle="0 0 1 -0.137" material="wood" mass="0.1"/>
    <geom name="rubble_1619" type="box" size="0.050 0.050 0.0323" pos="11.761 2.598 0.0323" axisangle="0 0 1 -0.050" material="wood" mass="0.1"/>
    <geom name="rubble_1620" type="box" size="0.050 0.050 0.0114" pos="11.742 2.690 0.0114" axisangle="0 0 1 -0.187" material="wood" mass="0.1"/>
    <geom name="rubble_1621" type="box" size="0.050 0.050 0.0088" pos="11.841 1.309 0.0088" axisangle="0 0 1 -0.210" material="wood" mass="0.1"/>
    <geom name="rubble_1622" type="box" size="0.050 0.050 0.0465" pos="11.857 1.395 0.0465" axisangle="0 0 1 0.105" material="wood" mass="0.1"/>
    <geom name="rubble_1623" type="box" size="0.050 0.050 0.0476" pos="11.864 1.510 0.0476" axisangle="0 0 1 -0.227" material="wood" mass="0.1"/>
    <geom name="rubble_1624" type="box" size="0.050 0.050 0.0301" pos="11.833 1.616 0.0301" axisangle="0 0 1 0.028" material="wood" mass="0.1"/>
    <geom name="rubble_1625" type="box" size="0.050 0.050 0.0239" pos="11.860 1.718 0.0239" axisangle="0 0 1 -0.137" material="wood" mass="0.1"/>
    <geom name="rubble_1626" type="box" size="0.050 0.050 0.0335" pos="11.866 1.786 0.0335" axisangle="0 0 1 -0.105" material="wood" mass="0.1"/>
    <geom name="rubble_1627" type="box" size="0.050 0.050 0.0326" pos="11.868 1.903 0.0326" axisangle="0 0 1 -0.185" material="wood" mass="0.1"/>
    <geom name="rubble_1628" type="box" size="0.050 0.050 0.0453" pos="11.832 2.015 0.0453" axisangle="0 0 1 0.251" material="wood" mass="0.1"/>
    <geom name="rubble_1629" type="box" size="0.050 0.050 0.0188" pos="11.837 2.112 0.0188" axisangle="0 0 1 0.021" material="wood" mass="0.1"/>
    <geom name="rubble_1630" type="box" size="0.050 0.050 0.0279" pos="11.833 2.207 0.0279" axisangle="0 0 1 -0.000" material="wood" mass="0.1"/>
    <geom name="rubble_1631" type="box" size="0.050 0.050 0.0486" pos="11.849 2.281 0.0486" axisangle="0 0 1 0.187" material="wood" mass="0.1"/>
    <geom name="rubble_1632" type="box" size="0.050 0.050 0.0447" pos="11.854 2.408 0.0447" axisangle="0 0 1 -0.025" material="wood" mass="0.1"/>
    <geom name="rubble_1633" type="box" size="0.050 0.050 0.0040" pos="11.857 2.516 0.0040" axisangle="0 0 1 -0.211" material="wood" mass="0.1"/>
    <geom name="rubble_1634" type="box" size="0.050 0.050 0.0176" pos="11.870 2.590 0.0176" axisangle="0 0 1 0.025" material="wood" mass="0.1"/>
    <geom name="rubble_1635" type="box" size="0.050 0.050 0.0133" pos="11.849 2.713 0.0133" axisangle="0 0 1 0.240" material="wood" mass="0.1"/>
    <geom name="rubble_1636" type="box" size="0.050 0.050 0.0365" pos="11.962 1.289 0.0365" axisangle="0 0 1 0.124" material="wood" mass="0.1"/>
    <geom name="rubble_1637" type="box" size="0.050 0.050 0.0083" pos="11.936 1.397 0.0083" axisangle="0 0 1 -0.109" material="wood" mass="0.1"/>
    <geom name="rubble_1638" type="box" size="0.050 0.050 0.0318" pos="11.931 1.491 0.0318" axisangle="0 0 1 0.188" material="wood" mass="0.1"/>
    <geom name="rubble_1639" type="box" size="0.050 0.050 0.0199" pos="11.939 1.614 0.0199" axisangle="0 0 1 -0.204" material="wood" mass="0.1"/>
    <geom name="rubble_1640" type="box" size="0.050 0.050 0.0484" pos="11.935 1.695 0.0484" axisangle="0 0 1 -0.055" material="wood" mass="0.1"/>
    <geom name="rubble_1641" type="box" size="0.050 0.050 0.0034" pos="11.964 1.815 0.0034" axisangle="0 0 1 -0.020" material="wood" mass="0.1"/>
    <geom name="rubble_1642" type="box" size="0.050 0.050 0.0171" pos="11.944 1.892 0.0171" axisangle="0 0 1 0.023" material="wood" mass="0.1"/>
    <geom name="rubble_1643" type="box" size="0.050 0.050 0.0490" pos="11.941 1.994 0.0490" axisangle="0 0 1 -0.016" material="wood" mass="0.1"/>
    <geom name="rubble_1644" type="box" size="0.050 0.050 0.0174" pos="11.965 2.091 0.0174" axisangle="0 0 1 0.031" material="wood" mass="0.1"/>
    <geom name="rubble_1645" type="box" size="0.050 0.050 0.0336" pos="11.958 2.197 0.0336" axisangle="0 0 1 0.103" material="wood" mass="0.1"/>
    <geom name="rubble_1646" type="box" size="0.050 0.050 0.0302" pos="11.967 2.318 0.0302" axisangle="0 0 1 -0.253" material="wood" mass="0.1"/>
    <geom name="rubble_1647" type="box" size="0.050 0.050 0.0145" pos="11.944 2.395 0.0145" axisangle="0 0 1 -0.020" material="wood" mass="0.1"/>
    <geom name="rubble_1648" type="box" size="0.050 0.050 0.0347" pos="11.947 2.480 0.0347" axisangle="0 0 1 -0.180" material="wood" mass="0.1"/>
    <geom name="rubble_1649" type="box" size="0.050 0.050 0.0278" pos="11.968 2.588 0.0278" axisangle="0 0 1 0.090" material="wood" mass="0.1"/>
    <geom name="rubble_1650" type="box" size="0.050 0.050 0.0268" pos="11.951 2.716 0.0268" axisangle="0 0 1 0.090" material="wood" mass="0.1"/>
    <geom name="rubble_1651" type="box" size="0.050 0.050 0.0458" pos="12.052 1.313 0.0458" axisangle="0 0 1 0.056" material="wood" mass="0.1"/>
    <geom name="rubble_1652" type="box" size="0.050 0.050 0.0242" pos="12.048 1.400 0.0242" axisangle="0 0 1 0.076" material="wood" mass="0.1"/>
    <geom name="rubble_1653" type="box" size="0.050 0.050 0.0227" pos="12.062 1.508 0.0227" axisangle="0 0 1 0.245" material="wood" mass="0.1"/>
    <geom name="rubble_1654" type="box" size="0.050 0.050 0.0390" pos="12.051 1.603 0.0390" axisangle="0 0 1 -0.223" material="wood" mass="0.1"/>
    <geom name="rubble_1655" type="box" size="0.050 0.050 0.0325" pos="12.068 1.689 0.0325" axisangle="0 0 1 0.183" material="wood" mass="0.1"/>
    <geom name="rubble_1656" type="box" size="0.050 0.050 0.0296" pos="12.055 1.811 0.0296" axisangle="0 0 1 0.060" material="wood" mass="0.1"/>
    <geom name="rubble_1657" type="box" size="0.050 0.050 0.0284" pos="12.058 1.902 0.0284" axisangle="0 0 1 0.116" material="wood" mass="0.1"/>
    <geom name="rubble_1658" type="box" size="0.050 0.050 0.0374" pos="12.049 1.999 0.0374" axisangle="0 0 1 -0.023" material="wood" mass="0.1"/>
    <geom name="rubble_1659" type="box" size="0.050 0.050 0.0216" pos="12.064 2.113 0.0216" axisangle="0 0 1 0.090" material="wood" mass="0.1"/>
    <geom name="rubble_1660" type="box" size="0.050 0.050 0.0030" pos="12.063 2.192 0.0030" axisangle="0 0 1 -0.107" material="wood" mass="0.1"/>
    <geom name="rubble_1661" type="box" size="0.050 0.050 0.0192" pos="12.048 2.293 0.0192" axisangle="0 0 1 0.082" material="wood" mass="0.1"/>
    <geom name="rubble_1662" type="box" size="0.050 0.050 0.0455" pos="12.053 2.401 0.0455" axisangle="0 0 1 -0.018" material="wood" mass="0.1"/>
    <geom name="rubble_1663" type="box" size="0.050 0.050 0.0378" pos="12.055 2.519 0.0378" axisangle="0 0 1 -0.071" material="wood" mass="0.1"/>
    <geom name="rubble_1664" type="box" size="0.050 0.050 0.0253" pos="12.039 2.601 0.0253" axisangle="0 0 1 -0.009" material="wood" mass="0.1"/>
    <geom name="rubble_1665" type="box" size="0.050 0.050 0.0273" pos="12.061 2.698 0.0273" axisangle="0 0 1 -0.152" material="wood" mass="0.1"/>
    <geom name="rubble_1666" type="box" size="0.050 0.050 0.0405" pos="12.154 1.292 0.0405" axisangle="0 0 1 0.021" material="wood" mass="0.1"/>
    <geom name="rubble_1667" type="box" size="0.050 0.050 0.0300" pos="12.159 1.396 0.0300" axisangle="0 0 1 -0.213" material="wood" mass="0.1"/>
    <geom name="rubble_1668" type="box" size="0.050 0.050 0.0115" pos="12.144 1.513 0.0115" axisangle="0 0 1 0.208" material="wood" mass="0.1"/>
    <geom name="rubble_1669" type="box" size="0.050 0.050 0.0418" pos="12.156 1.591 0.0418" axisangle="0 0 1 0.013" material="wood" mass="0.1"/>
    <geom name="rubble_1670" type="box" size="0.050 0.050 0.0342" pos="12.153 1.691 0.0342" axisangle="0 0 1 0.053" material="wood" mass="0.1"/>
    <geom name="rubble_1671" type="box" size="0.050 0.050 0.0090" pos="12.136 1.808 0.0090" axisangle="0 0 1 0.010" material="wood" mass="0.1"/>
    <geom name="rubble_1672" type="box" size="0.050 0.050 0.0194" pos="12.169 1.883 0.0194" axisangle="0 0 1 0.139" material="wood" mass="0.1"/>
    <geom name="rubble_1673" type="box" size="0.050 0.050 0.0093" pos="12.138 1.983 0.0093" axisangle="0 0 1 0.183" material="wood" mass="0.1"/>
    <geom name="rubble_1674" type="box" size="0.050 0.050 0.0447" pos="12.140 2.114 0.0447" axisangle="0 0 1 0.201" material="wood" mass="0.1"/>
    <geom name="rubble_1675" type="box" size="0.050 0.050 0.0451" pos="12.135 2.201 0.0451" axisangle="0 0 1 0.060" material="wood" mass="0.1"/>
    <geom name="rubble_1676" type="box" size="0.050 0.050 0.0359" pos="12.132 2.305 0.0359" axisangle="0 0 1 -0.262" material="wood" mass="0.1"/>
    <geom name="rubble_1677" type="box" size="0.050 0.050 0.0268" pos="12.161 2.413 0.0268" axisangle="0 0 1 -0.191" material="wood" mass="0.1"/>
    <geom name="rubble_1678" type="box" size="0.050 0.050 0.0427" pos="12.137 2.499 0.0427" axisangle="0 0 1 -0.068" material="wood" mass="0.1"/>
    <geom name="rubble_1679" type="box" size="0.050 0.050 0.0313" pos="12.162 2.585 0.0313" axisangle="0 0 1 0.138" material="wood" mass="0.1"/>
    <geom name="rubble_1680" type="box" size="0.050 0.050 0.0425" pos="12.150 2.704 0.0425" axisangle="0 0 1 0.220" material="wood" mass="0.1"/>
    <geom name="rubble_1681" type="box" size="0.050 0.050 0.0246" pos="12.262 1.283 0.0246" axisangle="0 0 1 0.219" material="wood" mass="0.1"/>
    <geom name="rubble_1682" type="box" size="0.050 0.050 0.0030" pos="12.251 1.389 0.0030" axisangle="0 0 1 -0.146" material="wood" mass="0.1"/>
    <geom name="rubble_1683" type="box" size="0.050 0.050 0.0213" pos="12.258 1.485 0.0213" axisangle="0 0 1 -0.117" material="wood" mass="0.1"/>
    <geom name="rubble_1684" type="box" size="0.050 0.050 0.0125" pos="12.240 1.596 0.0125" axisangle="0 0 1 -0.206" material="wood" mass="0.1"/>
    <geom name="rubble_1685" type="box" size="0.050 0.050 0.0482" pos="12.238 1.709 0.0482" axisangle="0 0 1 0.071" material="wood" mass="0.1"/>
    <geom name="rubble_1686" type="box" size="0.050 0.050 0.0178" pos="12.236 1.791 0.0178" axisangle="0 0 1 0.006" material="wood" mass="0.1"/>
    <geom name="rubble_1687" type="box" size="0.050 0.050 0.0106" pos="12.257 1.910 0.0106" axisangle="0 0 1 -0.177" material="wood" mass="0.1"/>
    <geom name="rubble_1688" type="box" size="0.050 0.050 0.0422" pos="12.264 2.017 0.0422" axisangle="0 0 1 -0.183" material="wood" mass="0.1"/>
    <geom name="rubble_1689" type="box" size="0.050 0.050 0.0265" pos="12.250 2.092 0.0265" axisangle="0 0 1 -0.178" material="wood" mass="0.1"/>
    <geom name="rubble_1690" type="box" size="0.050 0.050 0.0098" pos="12.239 2.199 0.0098" axisangle="0 0 1 -0.029" material="wood" mass="0.1"/>
    <geom name="rubble_1691" type="box" size="0.050 0.050 0.0170" pos="12.235 2.312 0.0170" axisangle="0 0 1 -0.054" material="wood" mass="0.1"/>
    <geom name="rubble_1692" type="box" size="0.050 0.050 0.0331" pos="12.266 2.382 0.0331" axisangle="0 0 1 -0.182" material="wood" mass="0.1"/>
    <geom name="rubble_1693" type="box" size="0.050 0.050 0.0393" pos="12.256 2.508 0.0393" axisangle="0 0 1 -0.007" material="wood" mass="0.1"/>
    <geom name="rubble_1694" type="box" size="0.050 0.050 0.0211" pos="12.267 2.595 0.0211" axisangle="0 0 1 0.091" material="wood" mass="0.1"/>
    <geom name="rubble_1695" type="box" size="0.050 0.050 0.0072" pos="12.250 2.696 0.0072" axisangle="0 0 1 -0.231" material="wood" mass="0.1"/>
    <geom name="rubble_1696" type="box" size="0.050 0.050 0.0048" pos="12.334 1.297 0.0048" axisangle="0 0 1 0.125" material="wood" mass="0.1"/>
    <geom name="rubble_1697" type="box" size="0.050 0.050 0.0189" pos="12.340 1.392 0.0189" axisangle="0 0 1 -0.098" material="wood" mass="0.1"/>
    <geom name="rubble_1698" type="box" size="0.050 0.050 0.0138" pos="12.352 1.519 0.0138" axisangle="0 0 1 0.005" material="wood" mass="0.1"/>
    <geom name="rubble_1699" type="box" size="0.050 0.050 0.0295" pos="12.331 1.603 0.0295" axisangle="0 0 1 0.228" material="wood" mass="0.1"/>
    <geom name="rubble_1700" type="box" size="0.050 0.050 0.0259" pos="12.337 1.713 0.0259" axisangle="0 0 1 -0.199" material="wood" mass="0.1"/>
    <geom name="rubble_1701" type="box" size="0.050 0.050 0.0490" pos="12.353 1.805 0.0490" axisangle="0 0 1 0.065" material="wood" mass="0.1"/>
    <geom name="rubble_1702" type="box" size="0.050 0.050 0.0128" pos="12.330 1.906 0.0128" axisangle="0 0 1 0.116" material="wood" mass="0.1"/>
    <geom name="rubble_1703" type="box" size="0.050 0.050 0.0422" pos="12.344 1.996 0.0422" axisangle="0 0 1 0.143" material="wood" mass="0.1"/>
    <geom name="rubble_1704" type="box" size="0.050 0.050 0.0221" pos="12.361 2.114 0.0221" axisangle="0 0 1 0.220" material="wood" mass="0.1"/>
    <geom name="rubble_1705" type="box" size="0.050 0.050 0.0331" pos="12.350 2.218 0.0331" axisangle="0 0 1 -0.072" material="wood" mass="0.1"/>
    <geom name="rubble_1706" type="box" size="0.050 0.050 0.0039" pos="12.361 2.304 0.0039" axisangle="0 0 1 0.029" material="wood" mass="0.1"/>
    <geom name="rubble_1707" type="box" size="0.050 0.050 0.0143" pos="12.357 2.381 0.0143" axisangle="0 0 1 -0.244" material="wood" mass="0.1"/>
    <geom name="rubble_1708" type="box" size="0.050 0.050 0.0360" pos="12.361 2.494 0.0360" axisangle="0 0 1 -0.142" material="wood" mass="0.1"/>
    <geom name="rubble_1709" type="box" size="0.050 0.050 0.0133" pos="12.357 2.591 0.0133" axisangle="0 0 1 -0.025" material="wood" mass="0.1"/>
    <geom name="rubble_1710" type="box" size="0.050 0.050 0.0315" pos="12.369 2.700 0.0315" axisangle="0 0 1 -0.024" material="wood" mass="0.1"/>
    <geom name="rubble_1711" type="box" size="0.050 0.050 0.0244" pos="12.443 1.291 0.0244" axisangle="0 0 1 -0.183" material="wood" mass="0.1"/>
    <geom name="rubble_1712" type="box" size="0.050 0.050 0.0494" pos="12.453 1.414 0.0494" axisangle="0 0 1 0.242" material="wood" mass="0.1"/>
    <geom name="rubble_1713" type="box" size="0.050 0.050 0.0224" pos="12.432 1.511 0.0224" axisangle="0 0 1 0.215" material="wood" mass="0.1"/>
    <geom name="rubble_1714" type="box" size="0.050 0.050 0.0135" pos="12.444 1.613 0.0135" axisangle="0 0 1 -0.091" material="wood" mass="0.1"/>
    <geom name="rubble_1715" type="box" size="0.050 0.050 0.0311" pos="12.451 1.691 0.0311" axisangle="0 0 1 -0.242" material="wood" mass="0.1"/>
    <geom name="rubble_1716" type="box" size="0.050 0.050 0.0421" pos="12.454 1.819 0.0421" axisangle="0 0 1 0.128" material="wood" mass="0.1"/>
    <geom name="rubble_1717" type="box" size="0.050 0.050 0.0415" pos="12.444 1.893 0.0415" axisangle="0 0 1 -0.176" material="wood" mass="0.1"/>
    <geom name="rubble_1718" type="box" size="0.050 0.050 0.0230" pos="12.449 2.004 0.0230" axisangle="0 0 1 0.188" material="wood" mass="0.1"/>
    <geom name="rubble_1719" type="box" size="0.050 0.050 0.0266" pos="12.463 2.093 0.0266" axisangle="0 0 1 0.086" material="wood" mass="0.1"/>
    <geom name="rubble_1720" type="box" size="0.050 0.050 0.0196" pos="12.459 2.207 0.0196" axisangle="0 0 1 0.159" material="wood" mass="0.1"/>
    <geom name="rubble_1721" type="box" size="0.050 0.050 0.0431" pos="12.451 2.313 0.0431" axisangle="0 0 1 -0.199" material="wood" mass="0.1"/>
    <geom name="rubble_1722" type="box" size="0.050 0.050 0.0438" pos="12.449 2.383 0.0438" axisangle="0 0 1 0.194" material="wood" mass="0.1"/>
    <geom name="rubble_1723" type="box" size="0.050 0.050 0.0030" pos="12.467 2.496 0.0030" axisangle="0 0 1 0.119" material="wood" mass="0.1"/>
    <geom name="rubble_1724" type="box" size="0.050 0.050 0.0359" pos="12.434 2.589 0.0359" axisangle="0 0 1 -0.225" material="wood" mass="0.1"/>
    <geom name="rubble_1725" type="box" size="0.050 0.050 0.0057" pos="12.445 2.685 0.0057" axisangle="0 0 1 -0.259" material="wood" mass="0.1"/>
    <geom name="rubble_1726" type="box" size="0.050 0.050 0.0147" pos="12.551 1.294 0.0147" axisangle="0 0 1 0.013" material="wood" mass="0.1"/>
    <geom name="rubble_1727" type="box" size="0.050 0.050 0.0494" pos="12.546 1.394 0.0494" axisangle="0 0 1 -0.205" material="wood" mass="0.1"/>
    <geom name="rubble_1728" type="box" size="0.050 0.050 0.0336" pos="12.559 1.506 0.0336" axisangle="0 0 1 0.066" material="wood" mass="0.1"/>
    <geom name="rubble_1729" type="box" size="0.050 0.050 0.0370" pos="12.570 1.590 0.0370" axisangle="0 0 1 -0.047" material="wood" mass="0.1"/>
    <geom name="rubble_1730" type="box" size="0.050 0.050 0.0208" pos="12.536 1.720 0.0208" axisangle="0 0 1 0.075" material="wood" mass="0.1"/>
    <geom name="rubble_1731" type="box" size="0.050 0.050 0.0056" pos="12.552 1.818 0.0056" axisangle="0 0 1 0.128" material="wood" mass="0.1"/>
    <geom name="rubble_1732" type="box" size="0.050 0.050 0.0311" pos="12.554 1.881 0.0311" axisangle="0 0 1 -0.144" material="wood" mass="0.1"/>
    <geom name="rubble_1733" type="box" size="0.050 0.050 0.0219" pos="12.564 1.986 0.0219" axisangle="0 0 1 -0.030" material="wood" mass="0.1"/>
    <geom name="rubble_1734" type="box" size="0.050 0.050 0.0455" pos="12.555 2.084 0.0455" axisangle="0 0 1 0.206" material="wood" mass="0.1"/>
    <geom name="rubble_1735" type="box" size="0.050 0.050 0.0188" pos="12.552 2.207 0.0188" axisangle="0 0 1 -0.257" material="wood" mass="0.1"/>
    <geom name="rubble_1736" type="box" size="0.050 0.050 0.0315" pos="12.563 2.281 0.0315" axisangle="0 0 1 -0.174" material="wood" mass="0.1"/>
    <geom name="rubble_1737" type="box" size="0.050 0.050 0.0306" pos="12.531 2.388 0.0306" axisangle="0 0 1 -0.175" material="wood" mass="0.1"/>
    <geom name="rubble_1738" type="box" size="0.050 0.050 0.0309" pos="12.542 2.495 0.0309" axisangle="0 0 1 -0.153" material="wood" mass="0.1"/>
    <geom name="rubble_1739" type="box" size="0.050 0.050 0.0325" pos="12.564 2.594 0.0325" axisangle="0 0 1 0.037" material="wood" mass="0.1"/>
    <geom name="rubble_1740" type="box" size="0.050 0.050 0.0242" pos="12.553 2.717 0.0242" axisangle="0 0 1 -0.179" material="wood" mass="0.1"/>
    <geom name="rubble_1741" type="box" size="0.050 0.050 0.0340" pos="12.653 1.283 0.0340" axisangle="0 0 1 0.249" material="wood" mass="0.1"/>
    <geom name="rubble_1742" type="box" size="0.050 0.050 0.0490" pos="12.658 1.394 0.0490" axisangle="0 0 1 -0.177" material="wood" mass="0.1"/>
    <geom name="rubble_1743" type="box" size="0.050 0.050 0.0035" pos="12.654 1.498 0.0035" axisangle="0 0 1 0.077" material="wood" mass="0.1"/>
    <geom name="rubble_1744" type="box" size="0.050 0.050 0.0339" pos="12.663 1.604 0.0339" axisangle="0 0 1 -0.080" material="wood" mass="0.1"/>
    <geom name="rubble_1745" type="box" size="0.050 0.050 0.0113" pos="12.636 1.695 0.0113" axisangle="0 0 1 -0.133" material="wood" mass="0.1"/>
    <geom name="rubble_1746" type="box" size="0.050 0.050 0.0273" pos="12.645 1.818 0.0273" axisangle="0 0 1 0.062" material="wood" mass="0.1"/>
    <geom name="rubble_1747" type="box" size="0.050 0.050 0.0110" pos="12.649 1.891 0.0110" axisangle="0 0 1 0.027" material="wood" mass="0.1"/>
    <geom name="rubble_1748" type="box" size="0.050 0.050 0.0435" pos="12.660 1.992 0.0435" axisangle="0 0 1 -0.160" material="wood" mass="0.1"/>
    <geom name="rubble_1749" type="box" size="0.050 0.050 0.0120" pos="12.659 2.097 0.0120" axisangle="0 0 1 -0.171" material="wood" mass="0.1"/>
    <geom name="rubble_1750" type="box" size="0.050 0.050 0.0208" pos="12.633 2.215 0.0208" axisangle="0 0 1 0.123" material="wood" mass="0.1"/>
    <geom name="rubble_1751" type="box" size="0.050 0.050 0.0411" pos="12.663 2.290 0.0411" axisangle="0 0 1 -0.024" material="wood" mass="0.1"/>
    <geom name="rubble_1752" type="box" size="0.050 0.050 0.0115" pos="12.659 2.394 0.0115" axisangle="0 0 1 0.220" material="wood" mass="0.1"/>
    <geom name="rubble_1753" type="box" size="0.050 0.050 0.0162" pos="12.645 2.501 0.0162" axisangle="0 0 1 -0.056" material="wood" mass="0.1"/>
    <geom name="rubble_1754" type="box" size="0.050 0.050 0.0091" pos="12.661 2.598 0.0091" axisangle="0 0 1 -0.182" material="wood" mass="0.1"/>
    <geom name="rubble_1755" type="box" size="0.050 0.050 0.0327" pos="12.656 2.693 0.0327" axisangle="0 0 1 -0.191" material="wood" mass="0.1"/>
    <geom name="rubble_1756" type="box" size="0.050 0.050 0.0153" pos="12.735 1.301 0.0153" axisangle="0 0 1 -0.225" material="wood" mass="0.1"/>
    <geom name="rubble_1757" type="box" size="0.050 0.050 0.0190" pos="12.734 1.409 0.0190" axisangle="0 0 1 -0.128" material="wood" mass="0.1"/>
    <geom name="rubble_1758" type="box" size="0.050 0.050 0.0092" pos="12.739 1.492 0.0092" axisangle="0 0 1 -0.194" material="wood" mass="0.1"/>
    <geom name="rubble_1759" type="box" size="0.050 0.050 0.0435" pos="12.750 1.607 0.0435" axisangle="0 0 1 0.211" material="wood" mass="0.1"/>
    <geom name="rubble_1760" type="box" size="0.050 0.050 0.0467" pos="12.744 1.715 0.0467" axisangle="0 0 1 0.149" material="wood" mass="0.1"/>
    <geom name="rubble_1761" type="box" size="0.050 0.050 0.0238" pos="12.752 1.782 0.0238" axisangle="0 0 1 -0.131" material="wood" mass="0.1"/>
    <geom name="rubble_1762" type="box" size="0.050 0.050 0.0458" pos="12.756 1.899 0.0458" axisangle="0 0 1 -0.056" material="wood" mass="0.1"/>
    <geom name="rubble_1763" type="box" size="0.050 0.050 0.0094" pos="12.747 1.981 0.0094" axisangle="0 0 1 -0.055" material="wood" mass="0.1"/>
    <geom name="rubble_1764" type="box" size="0.050 0.050 0.0391" pos="12.737 2.097 0.0391" axisangle="0 0 1 -0.139" material="wood" mass="0.1"/>
    <geom name="rubble_1765" type="box" size="0.050 0.050 0.0480" pos="12.742 2.189 0.0480" axisangle="0 0 1 0.215" material="wood" mass="0.1"/>
    <geom name="rubble_1766" type="box" size="0.050 0.050 0.0427" pos="12.754 2.284 0.0427" axisangle="0 0 1 -0.260" material="wood" mass="0.1"/>
    <geom name="rubble_1767" type="box" size="0.050 0.050 0.0061" pos="12.767 2.383 0.0061" axisangle="0 0 1 -0.017" material="wood" mass="0.1"/>
    <geom name="rubble_1768" type="box" size="0.050 0.050 0.0432" pos="12.751 2.493 0.0432" axisangle="0 0 1 -0.242" material="wood" mass="0.1"/>
    <geom name="rubble_1769" type="box" size="0.050 0.050 0.0059" pos="12.734 2.584 0.0059" axisangle="0 0 1 -0.241" material="wood" mass="0.1"/>
    <geom name="rubble_1770" type="box" size="0.050 0.050 0.0358" pos="12.742 2.698 0.0358" axisangle="0 0 1 -0.179" material="wood" mass="0.1"/>
    <geom name="rubble_1771" type="box" size="0.050 0.050 0.0156" pos="12.867 1.286 0.0156" axisangle="0 0 1 -0.162" material="wood" mass="0.1"/>
    <geom name="rubble_1772" type="box" size="0.050 0.050 0.0485" pos="12.834 1.399 0.0485" axisangle="0 0 1 -0.209" material="wood" mass="0.1"/>
    <geom name="rubble_1773" type="box" size="0.050 0.050 0.0032" pos="12.831 1.519 0.0032" axisangle="0 0 1 0.234" material="wood" mass="0.1"/>
    <geom name="rubble_1774" type="box" size="0.050 0.050 0.0168" pos="12.844 1.598 0.0168" axisangle="0 0 1 -0.105" material="wood" mass="0.1"/>
    <geom name="rubble_1775" type="box" size="0.050 0.050 0.0262" pos="12.835 1.702 0.0262" axisangle="0 0 1 0.098" material="wood" mass="0.1"/>
    <geom name="rubble_1776" type="box" size="0.050 0.050 0.0402" pos="12.845 1.797 0.0402" axisangle="0 0 1 -0.003" material="wood" mass="0.1"/>
    <geom name="rubble_1777" type="box" size="0.050 0.050 0.0045" pos="12.830 1.917 0.0045" axisangle="0 0 1 -0.214" material="wood" mass="0.1"/>
    <geom name="rubble_1778" type="box" size="0.050 0.050 0.0353" pos="12.833 1.986 0.0353" axisangle="0 0 1 -0.041" material="wood" mass="0.1"/>
    <geom name="rubble_1779" type="box" size="0.050 0.050 0.0189" pos="12.832 2.084 0.0189" axisangle="0 0 1 0.242" material="wood" mass="0.1"/>
    <geom name="rubble_1780" type="box" size="0.050 0.050 0.0408" pos="12.835 2.219 0.0408" axisangle="0 0 1 0.118" material="wood" mass="0.1"/>
    <geom name="rubble_1781" type="box" size="0.050 0.050 0.0117" pos="12.843 2.300 0.0117" axisangle="0 0 1 -0.239" material="wood" mass="0.1"/>
    <geom name="rubble_1782" type="box" size="0.050 0.050 0.0348" pos="12.852 2.382 0.0348" axisangle="0 0 1 -0.096" material="wood" mass="0.1"/>
    <geom name="rubble_1783" type="box" size="0.050 0.050 0.0236" pos="12.865 2.515 0.0236" axisangle="0 0 1 -0.255" material="wood" mass="0.1"/>
    <geom name="rubble_1784" type="box" size="0.050 0.050 0.0043" pos="12.838 2.594 0.0043" axisangle="0 0 1 0.044" material="wood" mass="0.1"/>
    <geom name="rubble_1785" type="box" size="0.050 0.050 0.0356" pos="12.869 2.704 0.0356" axisangle="0 0 1 0.135" material="wood" mass="0.1"/>
    <geom name="rubble_1786" type="box" size="0.050 0.050 0.0313" pos="12.941 1.299 0.0313" axisangle="0 0 1 0.026" material="wood" mass="0.1"/>
    <geom name="rubble_1787" type="box" size="0.050 0.050 0.0137" pos="12.965 1.411 0.0137" axisangle="0 0 1 0.105" material="wood" mass="0.1"/>
    <geom name="rubble_1788" type="box" size="0.050 0.050 0.0184" pos="12.969 1.517 0.0184" axisangle="0 0 1 0.062" material="wood" mass="0.1"/>
    <geom name="rubble_1789" type="box" size="0.050 0.050 0.0356" pos="12.945 1.588 0.0356" axisangle="0 0 1 0.165" material="wood" mass="0.1"/>
    <geom name="rubble_1790" type="box" size="0.050 0.050 0.0124" pos="12.946 1.706 0.0124" axisangle="0 0 1 -0.228" material="wood" mass="0.1"/>
    <geom name="rubble_1791" type="box" size="0.050 0.050 0.0400" pos="12.942 1.807 0.0400" axisangle="0 0 1 -0.148" material="wood" mass="0.1"/>
    <geom name="rubble_1792" type="box" size="0.050 0.050 0.0176" pos="12.950 1.882 0.0176" axisangle="0 0 1 -0.200" material="wood" mass="0.1"/>
    <geom name="rubble_1793" type="box" size="0.050 0.050 0.0454" pos="12.950 2.017 0.0454" axisangle="0 0 1 0.075" material="wood" mass="0.1"/>
    <geom name="rubble_1794" type="box" size="0.050 0.050 0.0454" pos="12.958 2.100 0.0454" axisangle="0 0 1 0.020" material="wood" mass="0.1"/>
    <geom name="rubble_1795" type="box" size="0.050 0.050 0.0395" pos="12.968 2.185 0.0395" axisangle="0 0 1 -0.031" material="wood" mass="0.1"/>
    <geom name="rubble_1796" type="box" size="0.050 0.050 0.0280" pos="12.943 2.285 0.0280" axisangle="0 0 1 0.221" material="wood" mass="0.1"/>
    <geom name="rubble_1797" type="box" size="0.050 0.050 0.0052" pos="12.969 2.390 0.0052" axisangle="0 0 1 -0.113" material="wood" mass="0.1"/>
    <geom name="rubble_1798" type="box" size="0.050 0.050 0.0317" pos="12.963 2.517 0.0317" axisangle="0 0 1 -0.102" material="wood" mass="0.1"/>
    <geom name="rubble_1799" type="box" size="0.050 0.050 0.0382" pos="12.936 2.586 0.0382" axisangle="0 0 1 -0.190" material="wood" mass="0.1"/>
    <geom name="rubble_1800" type="box" size="0.050 0.050 0.0245" pos="12.942 2.701 0.0245" axisangle="0 0 1 0.130" material="wood" mass="0.1"/>
    <geom name="rubble_1801" type="box" size="0.050 0.050 0.0050" pos="13.065 1.286 0.0050" axisangle="0 0 1 0.150" material="wood" mass="0.1"/>
    <geom name="rubble_1802" type="box" size="0.050 0.050 0.0215" pos="13.065 1.391 0.0215" axisangle="0 0 1 0.121" material="wood" mass="0.1"/>
    <geom name="rubble_1803" type="box" size="0.050 0.050 0.0292" pos="13.047 1.489 0.0292" axisangle="0 0 1 -0.232" material="wood" mass="0.1"/>
    <geom name="rubble_1804" type="box" size="0.050 0.050 0.0284" pos="13.046 1.601 0.0284" axisangle="0 0 1 0.072" material="wood" mass="0.1"/>
    <geom name="rubble_1805" type="box" size="0.050 0.050 0.0374" pos="13.043 1.682 0.0374" axisangle="0 0 1 -0.137" material="wood" mass="0.1"/>
    <geom name="rubble_1806" type="box" size="0.050 0.050 0.0435" pos="13.042 1.780 0.0435" axisangle="0 0 1 -0.130" material="wood" mass="0.1"/>
    <geom name="rubble_1807" type="box" size="0.050 0.050 0.0174" pos="13.051 1.903 0.0174" axisangle="0 0 1 -0.047" material="wood" mass="0.1"/>
    <geom name="rubble_1808" type="box" size="0.050 0.050 0.0179" pos="13.052 2.012 0.0179" axisangle="0 0 1 -0.243" material="wood" mass="0.1"/>
    <geom name="rubble_1809" type="box" size="0.050 0.050 0.0435" pos="13.038 2.105 0.0435" axisangle="0 0 1 0.090" material="wood" mass="0.1"/>
    <geom name="rubble_1810" type="box" size="0.050 0.050 0.0241" pos="13.066 2.200 0.0241" axisangle="0 0 1 0.207" material="wood" mass="0.1"/>
    <geom name="rubble_1811" type="box" size="0.050 0.050 0.0492" pos="13.064 2.287 0.0492" axisangle="0 0 1 0.056" material="wood" mass="0.1"/>
    <geom name="rubble_1812" type="box" size="0.050 0.050 0.0320" pos="13.032 2.391 0.0320" axisangle="0 0 1 0.093" material="wood" mass="0.1"/>
    <geom name="rubble_1813" type="box" size="0.050 0.050 0.0249" pos="13.063 2.510 0.0249" axisangle="0 0 1 0.022" material="wood" mass="0.1"/>
    <geom name="rubble_1814" type="box" size="0.050 0.050 0.0442" pos="13.030 2.612 0.0442" axisangle="0 0 1 -0.019" material="wood" mass="0.1"/>
    <geom name="rubble_1815" type="box" size="0.050 0.050 0.0227" pos="13.031 2.718 0.0227" axisangle="0 0 1 0.167" material="wood" mass="0.1"/>
    <geom name="rubble_1816" type="box" size="0.050 0.050 0.0257" pos="13.154 1.287 0.0257" axisangle="0 0 1 -0.230" material="wood" mass="0.1"/>
    <geom name="rubble_1817" type="box" size="0.050 0.050 0.0273" pos="13.160 1.386 0.0273" axisangle="0 0 1 -0.216" material="wood" mass="0.1"/>
    <geom name="rubble_1818" type="box" size="0.050 0.050 0.0442" pos="13.170 1.503 0.0442" axisangle="0 0 1 -0.198" material="wood" mass="0.1"/>
    <geom name="rubble_1819" type="box" size="0.050 0.050 0.0198" pos="13.154 1.606 0.0198" axisangle="0 0 1 0.252" material="wood" mass="0.1"/>
    <geom name="rubble_1820" type="box" size="0.050 0.050 0.0392" pos="13.134 1.711 0.0392" axisangle="0 0 1 0.004" material="wood" mass="0.1"/>
    <geom name="rubble_1821" type="box" size="0.050 0.050 0.0322" pos="13.147 1.797 0.0322" axisangle="0 0 1 -0.023" material="wood" mass="0.1"/>
    <geom name="rubble_1822" type="box" size="0.050 0.050 0.0106" pos="13.159 1.900 0.0106" axisangle="0 0 1 0.185" material="wood" mass="0.1"/>
    <geom name="rubble_1823" type="box" size="0.050 0.050 0.0237" pos="13.159 2.019 0.0237" axisangle="0 0 1 0.228" material="wood" mass="0.1"/>
    <geom name="rubble_1824" type="box" size="0.050 0.050 0.0380" pos="13.144 2.110 0.0380" axisangle="0 0 1 -0.249" material="wood" mass="0.1"/>
    <geom name="rubble_1825" type="box" size="0.050 0.050 0.0416" pos="13.168 2.198 0.0416" axisangle="0 0 1 -0.132" material="wood" mass="0.1"/>
    <geom name="rubble_1826" type="box" size="0.050 0.050 0.0301" pos="13.165 2.303 0.0301" axisangle="0 0 1 -0.213" material="wood" mass="0.1"/>
    <geom name="rubble_1827" type="box" size="0.050 0.050 0.0233" pos="13.167 2.417 0.0233" axisangle="0 0 1 0.135" material="wood" mass="0.1"/>
    <geom name="rubble_1828" type="box" size="0.050 0.050 0.0323" pos="13.164 2.504 0.0323" axisangle="0 0 1 0.170" material="wood" mass="0.1"/>
    <geom name="rubble_1829" type="box" size="0.050 0.050 0.0384" pos="13.166 2.607 0.0384" axisangle="0 0 1 -0.075" material="wood" mass="0.1"/>
    <geom name="rubble_1830" type="box" size="0.050 0.050 0.0177" pos="13.130 2.702 0.0177" axisangle="0 0 1 0.075" material="wood" mass="0.1"/>
    <geom name="rubble_1831" type="box" size="0.050 0.050 0.0155" pos="13.241 1.287 0.0155" axisangle="0 0 1 -0.241" material="wood" mass="0.1"/>
    <geom name="rubble_1832" type="box" size="0.050 0.050 0.0091" pos="13.265 1.396 0.0091" axisangle="0 0 1 0.157" material="wood" mass="0.1"/>
    <geom name="rubble_1833" type="box" size="0.050 0.050 0.0065" pos="13.266 1.508 0.0065" axisangle="0 0 1 0.004" material="wood" mass="0.1"/>
    <geom name="rubble_1834" type="box" size="0.050 0.050 0.0389" pos="13.237 1.598 0.0389" axisangle="0 0 1 0.028" material="wood" mass="0.1"/>
    <geom name="rubble_1835" type="box" size="0.050 0.050 0.0110" pos="13.235 1.717 0.0110" axisangle="0 0 1 -0.228" material="wood" mass="0.1"/>
    <geom name="rubble_1836" type="box" size="0.050 0.050 0.0239" pos="13.259 1.816 0.0239" axisangle="0 0 1 0.146" material="wood" mass="0.1"/>
    <geom name="rubble_1837" type="box" size="0.050 0.050 0.0345" pos="13.248 1.906 0.0345" axisangle="0 0 1 -0.253" material="wood" mass="0.1"/>
    <geom name="rubble_1838" type="box" size="0.050 0.050 0.0492" pos="13.259 2.012 0.0492" axisangle="0 0 1 -0.043" material="wood" mass="0.1"/>
    <geom name="rubble_1839" type="box" size="0.050 0.050 0.0409" pos="13.239 2.107 0.0409" axisangle="0 0 1 -0.199" material="wood" mass="0.1"/>
    <geom name="rubble_1840" type="box" size="0.050 0.050 0.0232" pos="13.265 2.181 0.0232" axisangle="0 0 1 0.228" material="wood" mass="0.1"/>
    <geom name="rubble_1841" type="box" size="0.050 0.050 0.0486" pos="13.264 2.312 0.0486" axisangle="0 0 1 0.169" material="wood" mass="0.1"/>
    <geom name="rubble_1842" type="box" size="0.050 0.050 0.0393" pos="13.256 2.394 0.0393" axisangle="0 0 1 0.019" material="wood" mass="0.1"/>
    <geom name="rubble_1843" type="box" size="0.050 0.050 0.0073" pos="13.251 2.498 0.0073" axisangle="0 0 1 0.120" material="wood" mass="0.1"/>
    <geom name="rubble_1844" type="box" size="0.050 0.050 0.0300" pos="13.236 2.601 0.0300" axisangle="0 0 1 0.051" material="wood" mass="0.1"/>
    <geom name="rubble_1845" type="box" size="0.050 0.050 0.0254" pos="13.267 2.707 0.0254" axisangle="0 0 1 0.208" material="wood" mass="0.1"/>
    <geom name="rubble_1846" type="box" size="0.050 0.050 0.0031" pos="13.335 1.320 0.0031" axisangle="0 0 1 0.189" material="wood" mass="0.1"/>
    <geom name="rubble_1847" type="box" size="0.050 0.050 0.0062" pos="13.366 1.414 0.0062" axisangle="0 0 1 0.211" material="wood" mass="0.1"/>
    <geom name="rubble_1848" type="box" size="0.050 0.050 0.0142" pos="13.366 1.517 0.0142" axisangle="0 0 1 0.234" material="wood" mass="0.1"/>
    <geom name="rubble_1849" type="box" size="0.050 0.050 0.0347" pos="13.347 1.613 0.0347" axisangle="0 0 1 0.046" material="wood" mass="0.1"/>
    <geom name="rubble_1850" type="box" size="0.050 0.050 0.0410" pos="13.349 1.718 0.0410" axisangle="0 0 1 0.012" material="wood" mass="0.1"/>
    <geom name="rubble_1851" type="box" size="0.050 0.050 0.0112" pos="13.369 1.809 0.0112" axisangle="0 0 1 0.003" material="wood" mass="0.1"/>
    <geom name="rubble_1852" type="box" size="0.050 0.050 0.0456" pos="13.354 1.916 0.0456" axisangle="0 0 1 -0.182" material="wood" mass="0.1"/>
    <geom name="rubble_1853" type="box" size="0.050 0.050 0.0177" pos="13.366 1.982 0.0177" axisangle="0 0 1 0.012" material="wood" mass="0.1"/>
    <geom name="rubble_1854" type="box" size="0.050 0.050 0.0341" pos="13.352 2.087 0.0341" axisangle="0 0 1 0.050" material="wood" mass="0.1"/>
    <geom name="rubble_1855" type="box" size="0.050 0.050 0.0469" pos="13.348 2.201 0.0469" axisangle="0 0 1 0.191" material="wood" mass="0.1"/>
    <geom name="rubble_1856" type="box" size="0.050 0.050 0.0068" pos="13.341 2.286 0.0068" axisangle="0 0 1 -0.172" material="wood" mass="0.1"/>
    <geom name="rubble_1857" type="box" size="0.050 0.050 0.0229" pos="13.358 2.416 0.0229" axisangle="0 0 1 0.109" material="wood" mass="0.1"/>
    <geom name="rubble_1858" type="box" size="0.050 0.050 0.0039" pos="13.344 2.484 0.0039" axisangle="0 0 1 -0.140" material="wood" mass="0.1"/>
    <geom name="rubble_1859" type="box" size="0.050 0.050 0.0070" pos="13.338 2.602 0.0070" axisangle="0 0 1 0.175" material="wood" mass="0.1"/>
    <geom name="rubble_1860" type="box" size="0.050 0.050 0.0492" pos="13.368 2.710 0.0492" axisangle="0 0 1 -0.002" material="wood" mass="0.1"/>
    <geom name="rubble_1861" type="box" size="0.050 0.050 0.0054" pos="13.449 1.300 0.0054" axisangle="0 0 1 -0.250" material="wood" mass="0.1"/>
    <geom name="rubble_1862" type="box" size="0.050 0.050 0.0308" pos="13.454 1.397 0.0308" axisangle="0 0 1 0.034" material="wood" mass="0.1"/>
    <geom name="rubble_1863" type="box" size="0.050 0.050 0.0130" pos="13.457 1.514 0.0130" axisangle="0 0 1 0.086" material="wood" mass="0.1"/>
    <geom name="rubble_1864" type="box" size="0.050 0.050 0.0405" pos="13.466 1.597 0.0405" axisangle="0 0 1 -0.179" material="wood" mass="0.1"/>
    <geom name="rubble_1865" type="box" size="0.050 0.050 0.0235" pos="13.433 1.712 0.0235" axisangle="0 0 1 -0.200" material="wood" mass="0.1"/>
    <geom name="rubble_1866" type="box" size="0.050 0.050 0.0210" pos="13.446 1.804 0.0210" axisangle="0 0 1 0.224" material="wood" mass="0.1"/>
    <geom name="rubble_1867" type="box" size="0.050 0.050 0.0320" pos="13.439 1.898 0.0320" axisangle="0 0 1 -0.159" material="wood" mass="0.1"/>
    <geom name="rubble_1868" type="box" size="0.050 0.050 0.0307" pos="13.443 1.998 0.0307" axisangle="0 0 1 0.246" material="wood" mass="0.1"/>
    <geom name="rubble_1869" type="box" size="0.050 0.050 0.0211" pos="13.458 2.100 0.0211" axisangle="0 0 1 -0.241" material="wood" mass="0.1"/>
    <geom name="rubble_1870" type="box" size="0.050 0.050 0.0043" pos="13.461 2.183 0.0043" axisangle="0 0 1 -0.221" material="wood" mass="0.1"/>
    <geom name="rubble_1871" type="box" size="0.050 0.050 0.0289" pos="13.439 2.306 0.0289" axisangle="0 0 1 -0.002" material="wood" mass="0.1"/>
    <geom name="rubble_1872" type="box" size="0.050 0.050 0.0231" pos="13.465 2.395 0.0231" axisangle="0 0 1 -0.123" material="wood" mass="0.1"/>
    <geom name="rubble_1873" type="box" size="0.050 0.050 0.0064" pos="13.452 2.510 0.0064" axisangle="0 0 1 -0.205" material="wood" mass="0.1"/>
    <geom name="rubble_1874" type="box" size="0.050 0.050 0.0216" pos="13.450 2.598 0.0216" axisangle="0 0 1 0.142" material="wood" mass="0.1"/>
    <geom name="rubble_1875" type="box" size="0.050 0.050 0.0137" pos="13.449 2.701 0.0137" axisangle="0 0 1 0.109" material="wood" mass="0.1"/>
    <geom name="rubble_1876" type="box" size="0.050 0.050 0.0181" pos="13.554 1.284 0.0181" axisangle="0 0 1 0.156" material="wood" mass="0.1"/>
    <geom name="rubble_1877" type="box" size="0.050 0.050 0.0421" pos="13.530 1.386 0.0421" axisangle="0 0 1 -0.107" material="wood" mass="0.1"/>
    <geom name="rubble_1878" type="box" size="0.050 0.050 0.0445" pos="13.543 1.518 0.0445" axisangle="0 0 1 -0.069" material="wood" mass="0.1"/>
    <geom name="rubble_1879" type="box" size="0.050 0.050 0.0329" pos="13.558 1.589 0.0329" axisangle="0 0 1 -0.090" material="wood" mass="0.1"/>
    <geom name="rubble_1880" type="box" size="0.050 0.050 0.0461" pos="13.547 1.683 0.0461" axisangle="0 0 1 -0.058" material="wood" mass="0.1"/>
    <geom name="rubble_1881" type="box" size="0.050 0.050 0.0207" pos="13.538 1.794 0.0207" axisangle="0 0 1 0.072" material="wood" mass="0.1"/>
    <geom name="rubble_1882" type="box" size="0.050 0.050 0.0303" pos="13.541 1.903 0.0303" axisangle="0 0 1 -0.029" material="wood" mass="0.1"/>
    <geom name="rubble_1883" type="box" size="0.050 0.050 0.0281" pos="13.537 2.004 0.0281" axisangle="0 0 1 -0.209" material="wood" mass="0.1"/>
    <geom name="rubble_1884" type="box" size="0.050 0.050 0.0210" pos="13.543 2.112 0.0210" axisangle="0 0 1 0.030" material="wood" mass="0.1"/>
    <geom name="rubble_1885" type="box" size="0.050 0.050 0.0321" pos="13.560 2.213 0.0321" axisangle="0 0 1 0.058" material="wood" mass="0.1"/>
    <geom name="rubble_1886" type="box" size="0.050 0.050 0.0268" pos="13.537 2.287 0.0268" axisangle="0 0 1 -0.170" material="wood" mass="0.1"/>
    <geom name="rubble_1887" type="box" size="0.050 0.050 0.0227" pos="13.569 2.387 0.0227" axisangle="0 0 1 -0.046" material="wood" mass="0.1"/>
    <geom name="rubble_1888" type="box" size="0.050 0.050 0.0129" pos="13.552 2.515 0.0129" axisangle="0 0 1 -0.120" material="wood" mass="0.1"/>
    <geom name="rubble_1889" type="box" size="0.050 0.050 0.0112" pos="13.535 2.582 0.0112" axisangle="0 0 1 0.256" material="wood" mass="0.1"/>
    <geom name="rubble_1890" type="box" size="0.050 0.050 0.0099" pos="13.553 2.690 0.0099" axisangle="0 0 1 -0.180" material="wood" mass="0.1"/>
    <geom name="rubble_1891" type="box" size="0.050 0.050 0.0215" pos="13.664 1.289 0.0215" axisangle="0 0 1 -0.084" material="wood" mass="0.1"/>
    <geom name="rubble_1892" type="box" size="0.050 0.050 0.0434" pos="13.657 1.402 0.0434" axisangle="0 0 1 0.173" material="wood" mass="0.1"/>
    <geom name="rubble_1893" type="box" size="0.050 0.050 0.0492" pos="13.638 1.489 0.0492" axisangle="0 0 1 -0.098" material="wood" mass="0.1"/>
    <geom name="rubble_1894" type="box" size="0.050 0.050 0.0055" pos="13.643 1.610 0.0055" axisangle="0 0 1 0.249" material="wood" mass="0.1"/>
    <geom name="rubble_1895" type="box" size="0.050 0.050 0.0315" pos="13.669 1.684 0.0315" axisangle="0 0 1 0.232" material="wood" mass="0.1"/>
    <geom name="rubble_1896" type="box" size="0.050 0.050 0.0282" pos="13.652 1.815 0.0282" axisangle="0 0 1 0.163" material="wood" mass="0.1"/>
    <geom name="rubble_1897" type="box" size="0.050 0.050 0.0155" pos="13.656 1.884 0.0155" axisangle="0 0 1 -0.176" material="wood" mass="0.1"/>
    <geom name="rubble_1898" type="box" size="0.050 0.050 0.0083" pos="13.633 1.981 0.0083" axisangle="0 0 1 -0.207" material="wood" mass="0.1"/>
    <geom name="rubble_1899" type="box" size="0.050 0.050 0.0299" pos="13.655 2.096 0.0299" axisangle="0 0 1 -0.129" material="wood" mass="0.1"/>
    <geom name="rubble_1900" type="box" size="0.050 0.050 0.0188" pos="13.643 2.194 0.0188" axisangle="0 0 1 0.219" material="wood" mass="0.1"/>
    <geom name="rubble_1901" type="box" size="0.050 0.050 0.0093" pos="13.668 2.307 0.0093" axisangle="0 0 1 -0.043" material="wood" mass="0.1"/>
    <geom name="rubble_1902" type="box" size="0.050 0.050 0.0056" pos="13.644 2.381 0.0056" axisangle="0 0 1 0.052" material="wood" mass="0.1"/>
    <geom name="rubble_1903" type="box" size="0.050 0.050 0.0314" pos="13.664 2.492 0.0314" axisangle="0 0 1 0.255" material="wood" mass="0.1"/>
    <geom name="rubble_1904" type="box" size="0.050 0.050 0.0362" pos="13.641 2.594 0.0362" axisangle="0 0 1 -0.069" material="wood" mass="0.1"/>
    <geom name="rubble_1905" type="box" size="0.050 0.050 0.0122" pos="13.670 2.719 0.0122" axisangle="0 0 1 -0.124" material="wood" mass="0.1"/>
    <geom name="rubble_1906" type="box" size="0.050 0.050 0.0377" pos="13.765 1.311 0.0377" axisangle="0 0 1 0.199" material="wood" mass="0.1"/>
    <geom name="rubble_1907" type="box" size="0.050 0.050 0.0332" pos="13.761 1.407 0.0332" axisangle="0 0 1 0.043" material="wood" mass="0.1"/>
    <geom name="rubble_1908" type="box" size="0.050 0.050 0.0211" pos="13.768 1.490 0.0211" axisangle="0 0 1 0.192" material="wood" mass="0.1"/>
    <geom name="rubble_1909" type="box" size="0.050 0.050 0.0071" pos="13.766 1.612 0.0071" axisangle="0 0 1 0.232" material="wood" mass="0.1"/>
    <geom name="rubble_1910" type="box" size="0.050 0.050 0.0368" pos="13.761 1.701 0.0368" axisangle="0 0 1 0.137" material="wood" mass="0.1"/>
    <geom name="rubble_1911" type="box" size="0.050 0.050 0.0346" pos="13.746 1.798 0.0346" axisangle="0 0 1 -0.129" material="wood" mass="0.1"/>
    <geom name="rubble_1912" type="box" size="0.050 0.050 0.0500" pos="13.731 1.885 0.0500" axisangle="0 0 1 0.042" material="wood" mass="0.1"/>
    <geom name="rubble_1913" type="box" size="0.050 0.050 0.0105" pos="13.748 2.002 0.0105" axisangle="0 0 1 0.222" material="wood" mass="0.1"/>
    <geom name="rubble_1914" type="box" size="0.050 0.050 0.0320" pos="13.754 2.082 0.0320" axisangle="0 0 1 0.166" material="wood" mass="0.1"/>
    <geom name="rubble_1915" type="box" size="0.050 0.050 0.0487" pos="13.767 2.200 0.0487" axisangle="0 0 1 0.241" material="wood" mass="0.1"/>
    <geom name="rubble_1916" type="box" size="0.050 0.050 0.0026" pos="13.752 2.305 0.0026" axisangle="0 0 1 0.080" material="wood" mass="0.1"/>
    <geom name="rubble_1917" type="box" size="0.050 0.050 0.0030" pos="13.741 2.383 0.0030" axisangle="0 0 1 0.015" material="wood" mass="0.1"/>
    <geom name="rubble_1918" type="box" size="0.050 0.050 0.0208" pos="13.750 2.510 0.0208" axisangle="0 0 1 -0.062" material="wood" mass="0.1"/>
    <geom name="rubble_1919" type="box" size="0.050 0.050 0.0401" pos="13.736 2.611 0.0401" axisangle="0 0 1 0.255" material="wood" mass="0.1"/>
    <geom name="rubble_1920" type="box" size="0.050 0.050 0.0101" pos="13.766 2.714 0.0101" axisangle="0 0 1 -0.018" material="wood" mass="0.1"/>
    <geom name="rubble_1921" type="box" size="0.050 0.050 0.0340" pos="13.837 1.306 0.0340" axisangle="0 0 1 -0.094" material="wood" mass="0.1"/>
    <geom name="rubble_1922" type="box" size="0.050 0.050 0.0103" pos="13.836 1.380 0.0103" axisangle="0 0 1 0.140" material="wood" mass="0.1"/>
    <geom name="rubble_1923" type="box" size="0.050 0.050 0.0405" pos="13.850 1.482 0.0405" axisangle="0 0 1 0.252" material="wood" mass="0.1"/>
    <geom name="rubble_1924" type="box" size="0.050 0.050 0.0101" pos="13.842 1.582 0.0101" axisangle="0 0 1 0.180" material="wood" mass="0.1"/>
    <geom name="rubble_1925" type="box" size="0.050 0.050 0.0137" pos="13.843 1.719 0.0137" axisangle="0 0 1 0.185" material="wood" mass="0.1"/>
    <geom name="rubble_1926" type="box" size="0.050 0.050 0.0134" pos="13.844 1.800 0.0134" axisangle="0 0 1 -0.188" material="wood" mass="0.1"/>
    <geom name="rubble_1927" type="box" size="0.050 0.050 0.0271" pos="13.850 1.906 0.0271" axisangle="0 0 1 0.090" material="wood" mass="0.1"/>
    <geom name="rubble_1928" type="box" size="0.050 0.050 0.0378" pos="13.844 1.982 0.0378" axisangle="0 0 1 0.224" material="wood" mass="0.1"/>
    <geom name="rubble_1929" type="box" size="0.050 0.050 0.0474" pos="13.835 2.114 0.0474" axisangle="0 0 1 -0.187" material="wood" mass="0.1"/>
    <geom name="rubble_1930" type="box" size="0.050 0.050 0.0340" pos="13.856 2.213 0.0340" axisangle="0 0 1 -0.209" material="wood" mass="0.1"/>
    <geom name="rubble_1931" type="box" size="0.050 0.050 0.0171" pos="13.847 2.311 0.0171" axisangle="0 0 1 0.058" material="wood" mass="0.1"/>
    <geom name="rubble_1932" type="box" size="0.050 0.050 0.0268" pos="13.857 2.414 0.0268" axisangle="0 0 1 -0.174" material="wood" mass="0.1"/>
    <geom name="rubble_1933" type="box" size="0.050 0.050 0.0343" pos="13.853 2.482 0.0343" axisangle="0 0 1 -0.230" material="wood" mass="0.1"/>
    <geom name="rubble_1934" type="box" size="0.050 0.050 0.0331" pos="13.864 2.604 0.0331" axisangle="0 0 1 0.203" material="wood" mass="0.1"/>
    <geom name="rubble_1935" type="box" size="0.050 0.050 0.0110" pos="13.853 2.706 0.0110" axisangle="0 0 1 -0.224" material="wood" mass="0.1"/>
    <geom name="rubble_1936" type="box" size="0.050 0.050 0.0073" pos="13.949 1.285 0.0073" axisangle="0 0 1 -0.165" material="wood" mass="0.1"/>
    <geom name="rubble_1937" type="box" size="0.050 0.050 0.0152" pos="13.951 1.398 0.0152" axisangle="0 0 1 -0.033" material="wood" mass="0.1"/>
    <geom name="rubble_1938" type="box" size="0.050 0.050 0.0057" pos="13.961 1.500 0.0057" axisangle="0 0 1 0.247" material="wood" mass="0.1"/>
    <geom name="rubble_1939" type="box" size="0.050 0.050 0.0286" pos="13.960 1.599 0.0286" axisangle="0 0 1 0.248" material="wood" mass="0.1"/>
    <geom name="rubble_1940" type="box" size="0.050 0.050 0.0187" pos="13.970 1.715 0.0187" axisangle="0 0 1 0.008" material="wood" mass="0.1"/>
    <geom name="rubble_1941" type="box" size="0.050 0.050 0.0377" pos="13.952 1.810 0.0377" axisangle="0 0 1 0.192" material="wood" mass="0.1"/>
    <geom name="rubble_1942" type="box" size="0.050 0.050 0.0312" pos="13.964 1.914 0.0312" axisangle="0 0 1 0.066" material="wood" mass="0.1"/>
    <geom name="rubble_1943" type="box" size="0.050 0.050 0.0447" pos="13.939 2.004 0.0447" axisangle="0 0 1 0.007" material="wood" mass="0.1"/>
    <geom name="rubble_1944" type="box" size="0.050 0.050 0.0061" pos="13.970 2.082 0.0061" axisangle="0 0 1 0.025" material="wood" mass="0.1"/>
    <geom name="rubble_1945" type="box" size="0.050 0.050 0.0463" pos="13.933 2.206 0.0463" axisangle="0 0 1 -0.127" material="wood" mass="0.1"/>
    <geom name="rubble_1946" type="box" size="0.050 0.050 0.0176" pos="13.942 2.281 0.0176" axisangle="0 0 1 -0.227" material="wood" mass="0.1"/>
    <geom name="rubble_1947" type="box" size="0.050 0.050 0.0173" pos="13.943 2.404 0.0173" axisangle="0 0 1 -0.194" material="wood" mass="0.1"/>
    <geom name="rubble_1948" type="box" size="0.050 0.050 0.0212" pos="13.965 2.492 0.0212" axisangle="0 0 1 0.258" material="wood" mass="0.1"/>
    <geom name="rubble_1949" type="box" size="0.050 0.050 0.0327" pos="13.938 2.590 0.0327" axisangle="0 0 1 0.066" material="wood" mass="0.1"/>
    <geom name="rubble_1950" type="box" size="0.050 0.050 0.0228" pos="13.961 2.687 0.0228" axisangle="0 0 1 0.200" material="wood" mass="0.1"/>
    <geom name="rubble_1951" type="box" size="0.050 0.050 0.0210" pos="14.066 1.298 0.0210" axisangle="0 0 1 -0.037" material="wood" mass="0.1"/>
    <geom name="rubble_1952" type="box" size="0.050 0.050 0.0454" pos="14.055 1.409 0.0454" axisangle="0 0 1 0.191" material="wood" mass="0.1"/>
    <geom name="rubble_1953" type="box" size="0.050 0.050 0.0273" pos="14.052 1.505 0.0273" axisangle="0 0 1 -0.247" material="wood" mass="0.1"/>
    <geom name="rubble_1954" type="box" size="0.050 0.050 0.0257" pos="14.043 1.611 0.0257" axisangle="0 0 1 -0.030" material="wood" mass="0.1"/>
    <geom name="rubble_1955" type="box" size="0.050 0.050 0.0068" pos="14.066 1.713 0.0068" axisangle="0 0 1 -0.261" material="wood" mass="0.1"/>
    <geom name="rubble_1956" type="box" size="0.050 0.050 0.0336" pos="14.065 1.789 0.0336" axisangle="0 0 1 -0.228" material="wood" mass="0.1"/>
    <geom name="rubble_1957" type="box" size="0.050 0.050 0.0198" pos="14.050 1.912 0.0198" axisangle="0 0 1 0.188" material="wood" mass="0.1"/>
    <geom name="rubble_1958" type="box" size="0.050 0.050 0.0149" pos="14.044 2.009 0.0149" axisangle="0 0 1 0.017" material="wood" mass="0.1"/>
    <geom name="rubble_1959" type="box" size="0.050 0.050 0.0121" pos="14.069 2.101 0.0121" axisangle="0 0 1 -0.120" material="wood" mass="0.1"/>
    <geom name="rubble_1960" type="box" size="0.050 0.050 0.0260" pos="14.054 2.194 0.0260" axisangle="0 0 1 0.216" material="wood" mass="0.1"/>
    <geom name="rubble_1961" type="box" size="0.050 0.050 0.0403" pos="14.054 2.283 0.0403" axisangle="0 0 1 0.097" material="wood" mass="0.1"/>
    <geom name="rubble_1962" type="box" size="0.050 0.050 0.0411" pos="14.031 2.403 0.0411" axisangle="0 0 1 -0.026" material="wood" mass="0.1"/>
    <geom name="rubble_1963" type="box" size="0.050 0.050 0.0213" pos="14.039 2.491 0.0213" axisangle="0 0 1 -0.082" material="wood" mass="0.1"/>
    <geom name="rubble_1964" type="box" size="0.050 0.050 0.0413" pos="14.051 2.615 0.0413" axisangle="0 0 1 0.249" material="wood" mass="0.1"/>
    <geom name="rubble_1965" type="box" size="0.050 0.050 0.0468" pos="14.048 2.699 0.0468" axisangle="0 0 1 0.209" material="wood" mass="0.1"/>
    <geom name="rubble_1966" type="box" size="0.050 0.050 0.0411" pos="14.169 1.301 0.0411" axisangle="0 0 1 -0.146" material="wood" mass="0.1"/>
    <geom name="rubble_1967" type="box" size="0.050 0.050 0.0239" pos="14.154 1.401 0.0239" axisangle="0 0 1 0.145" material="wood" mass="0.1"/>
    <geom name="rubble_1968" type="box" size="0.050 0.050 0.0174" pos="14.154 1.483 0.0174" axisangle="0 0 1 -0.200" material="wood" mass="0.1"/>
    <geom name="rubble_1969" type="box" size="0.050 0.050 0.0498" pos="14.147 1.607 0.0498" axisangle="0 0 1 0.053" material="wood" mass="0.1"/>
    <geom name="rubble_1970" type="box" size="0.050 0.050 0.0256" pos="14.143 1.701 0.0256" axisangle="0 0 1 0.050" material="wood" mass="0.1"/>
    <geom name="rubble_1971" type="box" size="0.050 0.050 0.0062" pos="14.144 1.817 0.0062" axisangle="0 0 1 -0.237" material="wood" mass="0.1"/>
    <geom name="rubble_1972" type="box" size="0.050 0.050 0.0115" pos="14.148 1.883 0.0115" axisangle="0 0 1 0.130" material="wood" mass="0.1"/>
    <geom name="rubble_1973" type="box" size="0.050 0.050 0.0311" pos="14.157 1.997 0.0311" axisangle="0 0 1 -0.033" material="wood" mass="0.1"/>
    <geom name="rubble_1974" type="box" size="0.050 0.050 0.0364" pos="14.139 2.102 0.0364" axisangle="0 0 1 0.184" material="wood" mass="0.1"/>
    <geom name="rubble_1975" type="box" size="0.050 0.050 0.0304" pos="14.162 2.220 0.0304" axisangle="0 0 1 -0.109" material="wood" mass="0.1"/>
    <geom name="rubble_1976" type="box" size="0.050 0.050 0.0045" pos="14.147 2.290 0.0045" axisangle="0 0 1 -0.221" material="wood" mass="0.1"/>
    <geom name="rubble_1977" type="box" size="0.050 0.050 0.0280" pos="14.137 2.415 0.0280" axisangle="0 0 1 0.209" material="wood" mass="0.1"/>
    <geom name="rubble_1978" type="box" size="0.050 0.050 0.0478" pos="14.136 2.486 0.0478" axisangle="0 0 1 0.029" material="wood" mass="0.1"/>
    <geom name="rubble_1979" type="box" size="0.050 0.050 0.0244" pos="14.146 2.606 0.0244" axisangle="0 0 1 0.054" material="wood" mass="0.1"/>
    <geom name="rubble_1980" type="box" size="0.050 0.050 0.0438" pos="14.144 2.683 0.0438" axisangle="0 0 1 0.176" material="wood" mass="0.1"/>
    <geom name="rubble_1981" type="box" size="0.050 0.050 0.0252" pos="14.233 1.303 0.0252" axisangle="0 0 1 0.135" material="wood" mass="0.1"/>
    <geom name="rubble_1982" type="box" size="0.050 0.050 0.0450" pos="14.233 1.380 0.0450" axisangle="0 0 1 0.007" material="wood" mass="0.1"/>
    <geom name="rubble_1983" type="box" size="0.050 0.050 0.0219" pos="14.255 1.507 0.0219" axisangle="0 0 1 0.162" material="wood" mass="0.1"/>
    <geom name="rubble_1984" type="box" size="0.050 0.050 0.0311" pos="14.261 1.607 0.0311" axisangle="0 0 1 0.180" material="wood" mass="0.1"/>
    <geom name="rubble_1985" type="box" size="0.050 0.050 0.0379" pos="14.258 1.718 0.0379" axisangle="0 0 1 0.165" material="wood" mass="0.1"/>
    <geom name="rubble_1986" type="box" size="0.050 0.050 0.0110" pos="14.253 1.817 0.0110" axisangle="0 0 1 0.007" material="wood" mass="0.1"/>
    <geom name="rubble_1987" type="box" size="0.050 0.050 0.0487" pos="14.255 1.884 0.0487" axisangle="0 0 1 0.231" material="wood" mass="0.1"/>
    <geom name="rubble_1988" type="box" size="0.050 0.050 0.0065" pos="14.231 1.981 0.0065" axisangle="0 0 1 -0.147" material="wood" mass="0.1"/>
    <geom name="rubble_1989" type="box" size="0.050 0.050 0.0129" pos="14.249 2.089 0.0129" axisangle="0 0 1 0.125" material="wood" mass="0.1"/>
    <geom name="rubble_1990" type="box" size="0.050 0.050 0.0385" pos="14.255 2.220 0.0385" axisangle="0 0 1 -0.097" material="wood" mass="0.1"/>
    <geom name="rubble_1991" type="box" size="0.050 0.050 0.0480" pos="14.265 2.302 0.0480" axisangle="0 0 1 0.102" material="wood" mass="0.1"/>
    <geom name="rubble_1992" type="box" size="0.050 0.050 0.0114" pos="14.240 2.417 0.0114" axisangle="0 0 1 -0.104" material="wood" mass="0.1"/>
    <geom name="rubble_1993" type="box" size="0.050 0.050 0.0041" pos="14.242 2.502 0.0041" axisangle="0 0 1 0.071" material="wood" mass="0.1"/>
    <geom name="rubble_1994" type="box" size="0.050 0.050 0.0477" pos="14.269 2.603 0.0477" axisangle="0 0 1 0.085" material="wood" mass="0.1"/>
    <geom name="rubble_1995" type="box" size="0.050 0.050 0.0053" pos="14.237 2.684 0.0053" axisangle="0 0 1 0.101" material="wood" mass="0.1"/>
    <geom name="rubble_1996" type="box" size="0.050 0.050 0.0410" pos="14.334 1.309 0.0410" axisangle="0 0 1 -0.021" material="wood" mass="0.1"/>
    <geom name="rubble_1997" type="box" size="0.050 0.050 0.0222" pos="14.359 1.387 0.0222" axisangle="0 0 1 -0.148" material="wood" mass="0.1"/>
    <geom name="rubble_1998" type="box" size="0.050 0.050 0.0374" pos="14.338 1.515 0.0374" axisangle="0 0 1 -0.173" material="wood" mass="0.1"/>
    <geom name="rubble_1999" type="box" size="0.050 0.050 0.0306" pos="14.360 1.601 0.0306" axisangle="0 0 1 0.105" material="wood" mass="0.1"/>
    <geom name="rubble_2000" type="box" size="0.050 0.050 0.0173" pos="14.335 1.692 0.0173" axisangle="0 0 1 0.227" material="wood" mass="0.1"/>
    <geom name="rubble_2001" type="box" size="0.050 0.050 0.0432" pos="14.332 1.807 0.0432" axisangle="0 0 1 0.084" material="wood" mass="0.1"/>
    <geom name="rubble_2002" type="box" size="0.050 0.050 0.0474" pos="14.342 1.909 0.0474" axisangle="0 0 1 0.027" material="wood" mass="0.1"/>
    <geom name="rubble_2003" type="box" size="0.050 0.050 0.0473" pos="14.353 1.991 0.0473" axisangle="0 0 1 0.183" material="wood" mass="0.1"/>
    <geom name="rubble_2004" type="box" size="0.050 0.050 0.0339" pos="14.363 2.103 0.0339" axisangle="0 0 1 -0.135" material="wood" mass="0.1"/>
    <geom name="rubble_2005" type="box" size="0.050 0.050 0.0032" pos="14.363 2.180 0.0032" axisangle="0 0 1 0.008" material="wood" mass="0.1"/>
    <geom name="rubble_2006" type="box" size="0.050 0.050 0.0229" pos="14.344 2.316 0.0229" axisangle="0 0 1 -0.114" material="wood" mass="0.1"/>
    <geom name="rubble_2007" type="box" size="0.050 0.050 0.0436" pos="14.357 2.381 0.0436" axisangle="0 0 1 -0.195" material="wood" mass="0.1"/>
    <geom name="rubble_2008" type="box" size="0.050 0.050 0.0337" pos="14.356 2.503 0.0337" axisangle="0 0 1 -0.073" material="wood" mass="0.1"/>
    <geom name="rubble_2009" type="box" size="0.050 0.050 0.0363" pos="14.340 2.581 0.0363" axisangle="0 0 1 -0.256" material="wood" mass="0.1"/>
    <geom name="rubble_2010" type="box" size="0.050 0.050 0.0237" pos="14.370 2.703 0.0237" axisangle="0 0 1 0.048" material="wood" mass="0.1"/>
    <geom name="rubble_2011" type="box" size="0.050 0.050 0.0257" pos="14.436 1.301 0.0257" axisangle="0 0 1 -0.060" material="wood" mass="0.1"/>
    <geom name="rubble_2012" type="box" size="0.050 0.050 0.0197" pos="14.446 1.403 0.0197" axisangle="0 0 1 0.137" material="wood" mass="0.1"/>
    <geom name="rubble_2013" type="box" size="0.050 0.050 0.0257" pos="14.435 1.484 0.0257" axisangle="0 0 1 -0.188" material="wood" mass="0.1"/>
    <geom name="rubble_2014" type="box" size="0.050 0.050 0.0241" pos="14.468 1.597 0.0241" axisangle="0 0 1 0.005" material="wood" mass="0.1"/>
    <geom name="rubble_2015" type="box" size="0.050 0.050 0.0229" pos="14.463 1.683 0.0229" axisangle="0 0 1 0.172" material="wood" mass="0.1"/>
    <geom name="rubble_2016" type="box" size="0.050 0.050 0.0328" pos="14.444 1.792 0.0328" axisangle="0 0 1 0.007" material="wood" mass="0.1"/>
    <geom name="rubble_2017" type="box" size="0.050 0.050 0.0476" pos="14.452 1.893 0.0476" axisangle="0 0 1 0.200" material="wood" mass="0.1"/>
    <geom name="rubble_2018" type="box" size="0.050 0.050 0.0216" pos="14.466 2.000 0.0216" axisangle="0 0 1 -0.192" material="wood" mass="0.1"/>
    <geom name="rubble_2019" type="box" size="0.050 0.050 0.0136" pos="14.442 2.113 0.0136" axisangle="0 0 1 -0.240" material="wood" mass="0.1"/>
    <geom name="rubble_2020" type="box" size="0.050 0.050 0.0150" pos="14.445 2.213 0.0150" axisangle="0 0 1 0.245" material="wood" mass="0.1"/>
    <geom name="rubble_2021" type="box" size="0.050 0.050 0.0168" pos="14.444 2.320 0.0168" axisangle="0 0 1 -0.156" material="wood" mass="0.1"/>
    <geom name="rubble_2022" type="box" size="0.050 0.050 0.0107" pos="14.430 2.396 0.0107" axisangle="0 0 1 -0.042" material="wood" mass="0.1"/>
    <geom name="rubble_2023" type="box" size="0.050 0.050 0.0382" pos="14.430 2.501 0.0382" axisangle="0 0 1 -0.120" material="wood" mass="0.1"/>
    <geom name="rubble_2024" type="box" size="0.050 0.050 0.0165" pos="14.433 2.605 0.0165" axisangle="0 0 1 0.176" material="wood" mass="0.1"/>
    <geom name="rubble_2025" type="box" size="0.050 0.050 0.0319" pos="14.443 2.684 0.0319" axisangle="0 0 1 0.243" material="wood" mass="0.1"/>
    <geom name="rubble_2026" type="box" size="0.050 0.050 0.0178" pos="14.562 1.309 0.0178" axisangle="0 0 1 0.242" material="wood" mass="0.1"/>
    <geom name="rubble_2027" type="box" size="0.050 0.050 0.0409" pos="14.540 1.388 0.0409" axisangle="0 0 1 -0.005" material="wood" mass="0.1"/>
    <geom name="rubble_2028" type="box" size="0.050 0.050 0.0367" pos="14.546 1.508 0.0367" axisangle="0 0 1 -0.041" material="wood" mass="0.1"/>
    <geom name="rubble_2029" type="box" size="0.050 0.050 0.0078" pos="14.536 1.593 0.0078" axisangle="0 0 1 -0.052" material="wood" mass="0.1"/>
    <geom name="rubble_2030" type="box" size="0.050 0.050 0.0132" pos="14.533 1.715 0.0132" axisangle="0 0 1 0.220" material="wood" mass="0.1"/>
    <geom name="rubble_2031" type="box" size="0.050 0.050 0.0060" pos="14.564 1.814 0.0060" axisangle="0 0 1 -0.114" material="wood" mass="0.1"/>
    <geom name="rubble_2032" type="box" size="0.050 0.050 0.0218" pos="14.536 1.915 0.0218" axisangle="0 0 1 0.138" material="wood" mass="0.1"/>
    <geom name="rubble_2033" type="box" size="0.050 0.050 0.0170" pos="14.530 2.012 0.0170" axisangle="0 0 1 0.115" material="wood" mass="0.1"/>
    <geom name="rubble_2034" type="box" size="0.050 0.050 0.0456" pos="14.535 2.113 0.0456" axisangle="0 0 1 -0.108" material="wood" mass="0.1"/>
    <geom name="rubble_2035" type="box" size="0.050 0.050 0.0381" pos="14.568 2.210 0.0381" axisangle="0 0 1 -0.068" material="wood" mass="0.1"/>
    <geom name="rubble_2036" type="box" size="0.050 0.050 0.0168" pos="14.531 2.304 0.0168" axisangle="0 0 1 0.252" material="wood" mass="0.1"/>
    <geom name="rubble_2037" type="box" size="0.050 0.050 0.0277" pos="14.536 2.393 0.0277" axisangle="0 0 1 -0.105" material="wood" mass="0.1"/>
    <geom name="rubble_2038" type="box" size="0.050 0.050 0.0111" pos="14.564 2.502 0.0111" axisangle="0 0 1 0.106" material="wood" mass="0.1"/>
    <geom name="rubble_2039" type="box" size="0.050 0.050 0.0165" pos="14.549 2.584 0.0165" axisangle="0 0 1 0.098" material="wood" mass="0.1"/>
    <geom name="rubble_2040" type="box" size="0.050 0.050 0.0295" pos="14.545 2.691 0.0295" axisangle="0 0 1 -0.188" material="wood" mass="0.1"/>
    <geom name="rubble_2041" type="box" size="0.050 0.050 0.0093" pos="14.636 1.304 0.0093" axisangle="0 0 1 0.154" material="wood" mass="0.1"/>
    <geom name="rubble_2042" type="box" size="0.050 0.050 0.0280" pos="14.648 1.409 0.0280" axisangle="0 0 1 0.171" material="wood" mass="0.1"/>
    <geom name="rubble_2043" type="box" size="0.050 0.050 0.0262" pos="14.633 1.484 0.0262" axisangle="0 0 1 -0.065" material="wood" mass="0.1"/>
    <geom name="rubble_2044" type="box" size="0.050 0.050 0.0120" pos="14.659 1.597 0.0120" axisangle="0 0 1 -0.086" material="wood" mass="0.1"/>
    <geom name="rubble_2045" type="box" size="0.050 0.050 0.0210" pos="14.647 1.701 0.0210" axisangle="0 0 1 -0.259" material="wood" mass="0.1"/>
    <geom name="rubble_2046" type="box" size="0.050 0.050 0.0430" pos="14.647 1.790 0.0430" axisangle="0 0 1 0.020" material="wood" mass="0.1"/>
    <geom name="rubble_2047" type="box" size="0.050 0.050 0.0348" pos="14.642 1.896 0.0348" axisangle="0 0 1 0.137" material="wood" mass="0.1"/>
    <geom name="rubble_2048" type="box" size="0.050 0.050 0.0316" pos="14.646 1.997 0.0316" axisangle="0 0 1 0.209" material="wood" mass="0.1"/>
    <geom name="rubble_2049" type="box" size="0.050 0.050 0.0241" pos="14.646 2.096 0.0241" axisangle="0 0 1 0.136" material="wood" mass="0.1"/>
    <geom name="rubble_2050" type="box" size="0.050 0.050 0.0242" pos="14.647 2.211 0.0242" axisangle="0 0 1 0.066" material="wood" mass="0.1"/>
    <geom name="rubble_2051" type="box" size="0.050 0.050 0.0189" pos="14.646 2.292 0.0189" axisangle="0 0 1 -0.201" material="wood" mass="0.1"/>
    <geom name="rubble_2052" type="box" size="0.050 0.050 0.0361" pos="14.656 2.385 0.0361" axisangle="0 0 1 -0.059" material="wood" mass="0.1"/>
    <geom name="rubble_2053" type="box" size="0.050 0.050 0.0220" pos="14.644 2.487 0.0220" axisangle="0 0 1 0.222" material="wood" mass="0.1"/>
    <geom name="rubble_2054" type="box" size="0.050 0.050 0.0438" pos="14.635 2.588 0.0438" axisangle="0 0 1 0.195" material="wood" mass="0.1"/>
    <geom name="rubble_2055" type="box" size="0.050 0.050 0.0108" pos="14.651 2.719 0.0108" axisangle="0 0 1 0.002" material="wood" mass="0.1"/>
    <geom name="rubble_2056" type="box" size="0.050 0.050 0.0280" pos="14.732 1.295 0.0280" axisangle="0 0 1 0.156" material="wood" mass="0.1"/>
    <geom name="rubble_2057" type="box" size="0.050 0.050 0.0155" pos="14.740 1.399 0.0155" axisangle="0 0 1 0.044" material="wood" mass="0.1"/>
    <geom name="rubble_2058" type="box" size="0.050 0.050 0.0111" pos="14.737 1.512 0.0111" axisangle="0 0 1 0.060" material="wood" mass="0.1"/>
    <geom name="rubble_2059" type="box" size="0.050 0.050 0.0327" pos="14.755 1.611 0.0327" axisangle="0 0 1 0.110" material="wood" mass="0.1"/>
    <geom name="rubble_2060" type="box" size="0.050 0.050 0.0323" pos="14.737 1.719 0.0323" axisangle="0 0 1 -0.081" material="wood" mass="0.1"/>
    <geom name="rubble_2061" type="box" size="0.050 0.050 0.0404" pos="14.760 1.786 0.0404" axisangle="0 0 1 -0.253" material="wood" mass="0.1"/>
    <geom name="rubble_2062" type="box" size="0.050 0.050 0.0497" pos="14.762 1.913 0.0497" axisangle="0 0 1 -0.055" material="wood" mass="0.1"/>
    <geom name="rubble_2063" type="box" size="0.050 0.050 0.0161" pos="14.760 2.016 0.0161" axisangle="0 0 1 -0.140" material="wood" mass="0.1"/>
    <geom name="rubble_2064" type="box" size="0.050 0.050 0.0037" pos="14.753 2.081 0.0037" axisangle="0 0 1 0.031" material="wood" mass="0.1"/>
    <geom name="rubble_2065" type="box" size="0.050 0.050 0.0063" pos="14.735 2.212 0.0063" axisangle="0 0 1 -0.259" material="wood" mass="0.1"/>
    <geom name="rubble_2066" type="box" size="0.050 0.050 0.0235" pos="14.742 2.284 0.0235" axisangle="0 0 1 -0.134" material="wood" mass="0.1"/>
    <geom name="rubble_2067" type="box" size="0.050 0.050 0.0321" pos="14.747 2.387 0.0321" axisangle="0 0 1 -0.205" material="wood" mass="0.1"/>
    <geom name="rubble_2068" type="box" size="0.050 0.050 0.0179" pos="14.752 2.496 0.0179" axisangle="0 0 1 -0.035" material="wood" mass="0.1"/>
    <geom name="rubble_2069" type="box" size="0.050 0.050 0.0344" pos="14.734 2.600 0.0344" axisangle="0 0 1 0.009" material="wood" mass="0.1"/>
    <geom name="rubble_2070" type="box" size="0.050 0.050 0.0416" pos="14.769 2.694 0.0416" axisangle="0 0 1 -0.031" material="wood" mass="0.1"/>
    <geom name="rubble_2071" type="box" size="0.050 0.050 0.0365" pos="14.840 1.300 0.0365" axisangle="0 0 1 -0.214" material="wood" mass="0.1"/>
    <geom name="rubble_2072" type="box" size="0.050 0.050 0.0049" pos="14.843 1.384 0.0049" axisangle="0 0 1 0.158" material="wood" mass="0.1"/>
    <geom name="rubble_2073" type="box" size="0.050 0.050 0.0450" pos="14.850 1.518 0.0450" axisangle="0 0 1 -0.133" material="wood" mass="0.1"/>
    <geom name="rubble_2074" type="box" size="0.050 0.050 0.0358" pos="14.842 1.586 0.0358" axisangle="0 0 1 0.215" material="wood" mass="0.1"/>
    <geom name="rubble_2075" type="box" size="0.050 0.050 0.0138" pos="14.850 1.697 0.0138" axisangle="0 0 1 0.063" material="wood" mass="0.1"/>
    <geom name="rubble_2076" type="box" size="0.050 0.050 0.0186" pos="14.854 1.800 0.0186" axisangle="0 0 1 0.030" material="wood" mass="0.1"/>
    <geom name="rubble_2077" type="box" size="0.050 0.050 0.0096" pos="14.842 1.902 0.0096" axisangle="0 0 1 0.051" material="wood" mass="0.1"/>
    <geom name="rubble_2078" type="box" size="0.050 0.050 0.0082" pos="14.841 2.016 0.0082" axisangle="0 0 1 0.082" material="wood" mass="0.1"/>
    <geom name="rubble_2079" type="box" size="0.050 0.050 0.0384" pos="14.868 2.081 0.0384" axisangle="0 0 1 0.246" material="wood" mass="0.1"/>
    <geom name="rubble_2080" type="box" size="0.050 0.050 0.0272" pos="14.841 2.186 0.0272" axisangle="0 0 1 0.094" material="wood" mass="0.1"/>
    <geom name="rubble_2081" type="box" size="0.050 0.050 0.0366" pos="14.866 2.291 0.0366" axisangle="0 0 1 0.050" material="wood" mass="0.1"/>
    <geom name="rubble_2082" type="box" size="0.050 0.050 0.0350" pos="14.859 2.399 0.0350" axisangle="0 0 1 -0.015" material="wood" mass="0.1"/>
    <geom name="rubble_2083" type="box" size="0.050 0.050 0.0365" pos="14.846 2.497 0.0365" axisangle="0 0 1 0.094" material="wood" mass="0.1"/>
    <geom name="rubble_2084" type="box" size="0.050 0.050 0.0184" pos="14.857 2.606 0.0184" axisangle="0 0 1 -0.247" material="wood" mass="0.1"/>
    <geom name="rubble_2085" type="box" size="0.050 0.050 0.0240" pos="14.832 2.717 0.0240" axisangle="0 0 1 -0.189" material="wood" mass="0.1"/>
    <geom name="rubble_2086" type="box" size="0.050 0.050 0.0480" pos="14.937 1.319 0.0480" axisangle="0 0 1 0.244" material="wood" mass="0.1"/>
    <geom name="rubble_2087" type="box" size="0.050 0.050 0.0488" pos="14.957 1.388 0.0488" axisangle="0 0 1 0.094" material="wood" mass="0.1"/>
    <geom name="rubble_2088" type="box" size="0.050 0.050 0.0304" pos="14.938 1.508 0.0304" axisangle="0 0 1 0.110" material="wood" mass="0.1"/>
    <geom name="rubble_2089" type="box" size="0.050 0.050 0.0075" pos="14.958 1.607 0.0075" axisangle="0 0 1 -0.056" material="wood" mass="0.1"/>
    <geom name="rubble_2090" type="box" size="0.050 0.050 0.0376" pos="14.951 1.699 0.0376" axisangle="0 0 1 0.255" material="wood" mass="0.1"/>
    <geom name="rubble_2091" type="box" size="0.050 0.050 0.0415" pos="14.949 1.818 0.0415" axisangle="0 0 1 -0.241" material="wood" mass="0.1"/>
    <geom name="rubble_2092" type="box" size="0.050 0.050 0.0203" pos="14.948 1.901 0.0203" axisangle="0 0 1 -0.167" material="wood" mass="0.1"/>
    <geom name="rubble_2093" type="box" size="0.050 0.050 0.0278" pos="14.962 2.008 0.0278" axisangle="0 0 1 0.128" material="wood" mass="0.1"/>
    <geom name="rubble_2094" type="box" size="0.050 0.050 0.0189" pos="14.955 2.098 0.0189" axisangle="0 0 1 -0.254" material="wood" mass="0.1"/>
    <geom name="rubble_2095" type="box" size="0.050 0.050 0.0299" pos="14.947 2.220 0.0299" axisangle="0 0 1 -0.147" material="wood" mass="0.1"/>
    <geom name="rubble_2096" type="box" size="0.050 0.050 0.0411" pos="14.934 2.294 0.0411" axisangle="0 0 1 -0.017" material="wood" mass="0.1"/>
    <geom name="rubble_2097" type="box" size="0.050 0.050 0.0387" pos="14.934 2.411 0.0387" axisangle="0 0 1 -0.134" material="wood" mass="0.1"/>
    <geom name="rubble_2098" type="box" size="0.050 0.050 0.0324" pos="14.968 2.490 0.0324" axisangle="0 0 1 0.044" material="wood" mass="0.1"/>
    <geom name="rubble_2099" type="box" size="0.050 0.050 0.0488" pos="14.962 2.588 0.0488" axisangle="0 0 1 -0.032" material="wood" mass="0.1"/>
    <geom name="rubble_2100" type="box" size="0.050 0.050 0.0474" pos="14.937 2.715 0.0474" axisangle="0 0 1 0.175" material="wood" mass="0.1"/>
    <geom name="rubble_2101" type="box" size="0.050 0.050 0.0208" pos="15.038 1.286 0.0208" axisangle="0 0 1 0.150" material="wood" mass="0.1"/>
    <geom name="rubble_2102" type="box" size="0.050 0.050 0.0492" pos="15.035 1.382 0.0492" axisangle="0 0 1 -0.158" material="wood" mass="0.1"/>
    <geom name="rubble_2103" type="box" size="0.050 0.050 0.0130" pos="15.054 1.515 0.0130" axisangle="0 0 1 -0.199" material="wood" mass="0.1"/>
    <geom name="rubble_2104" type="box" size="0.050 0.050 0.0264" pos="15.061 1.617 0.0264" axisangle="0 0 1 0.200" material="wood" mass="0.1"/>
    <geom name="rubble_2105" type="box" size="0.050 0.050 0.0168" pos="15.067 1.696 0.0168" axisangle="0 0 1 0.244" material="wood" mass="0.1"/>
    <geom name="rubble_2106" type="box" size="0.050 0.050 0.0312" pos="15.037 1.814 0.0312" axisangle="0 0 1 0.133" material="wood" mass="0.1"/>
    <geom name="rubble_2107" type="box" size="0.050 0.050 0.0064" pos="15.057 1.910 0.0064" axisangle="0 0 1 -0.016" material="wood" mass="0.1"/>
    <geom name="rubble_2108" type="box" size="0.050 0.050 0.0045" pos="15.042 1.985 0.0045" axisangle="0 0 1 -0.155" material="wood" mass="0.1"/>
    <geom name="rubble_2109" type="box" size="0.050 0.050 0.0187" pos="15.066 2.093 0.0187" axisangle="0 0 1 -0.123" material="wood" mass="0.1"/>
    <geom name="rubble_2110" type="box" size="0.050 0.050 0.0317" pos="15.049 2.193 0.0317" axisangle="0 0 1 -0.090" material="wood" mass="0.1"/>
    <geom name="rubble_2111" type="box" size="0.050 0.050 0.0244" pos="15.035 2.304 0.0244" axisangle="0 0 1 -0.196" material="wood" mass="0.1"/>
    <geom name="rubble_2112" type="box" size="0.050 0.050 0.0401" pos="15.044 2.400 0.0401" axisangle="0 0 1 0.049" material="wood" mass="0.1"/>
    <geom name="rubble_2113" type="box" size="0.050 0.050 0.0440" pos="15.057 2.491 0.0440" axisangle="0 0 1 0.220" material="wood" mass="0.1"/>
    <geom name="rubble_2114" type="box" size="0.050 0.050 0.0257" pos="15.048 2.615 0.0257" axisangle="0 0 1 0.171" material="wood" mass="0.1"/>
    <geom name="rubble_2115" type="box" size="0.050 0.050 0.0240" pos="15.048 2.708 0.0240" axisangle="0 0 1 -0.175" material="wood" mass="0.1"/>
    <geom name="rubble_2116" type="box" size="0.050 0.050 0.0248" pos="15.159 1.311 0.0248" axisangle="0 0 1 -0.203" material="wood" mass="0.1"/>
    <geom name="rubble_2117" type="box" size="0.050 0.050 0.0241" pos="15.150 1.404 0.0241" axisangle="0 0 1 0.057" material="wood" mass="0.1"/>
    <geom name="rubble_2118" type="box" size="0.050 0.050 0.0068" pos="15.135 1.507 0.0068" axisangle="0 0 1 -0.150" material="wood" mass="0.1"/>
    <geom name="rubble_2119" type="box" size="0.050 0.050 0.0202" pos="15.157 1.610 0.0202" axisangle="0 0 1 -0.018" material="wood" mass="0.1"/>
    <geom name="rubble_2120" type="box" size="0.050 0.050 0.0122" pos="15.161 1.680 0.0122" axisangle="0 0 1 -0.209" material="wood" mass="0.1"/>
    <geom name="rubble_2121" type="box" size="0.050 0.050 0.0413" pos="15.148 1.798 0.0413" axisangle="0 0 1 -0.196" material="wood" mass="0.1"/>
    <geom name="rubble_2122" type="box" size="0.050 0.050 0.0115" pos="15.138 1.902 0.0115" axisangle="0 0 1 -0.143" material="wood" mass="0.1"/>
    <geom name="rubble_2123" type="box" size="0.050 0.050 0.0040" pos="15.143 1.990 0.0040" axisangle="0 0 1 0.182" material="wood" mass="0.1"/>
    <geom name="rubble_2124" type="box" size="0.050 0.050 0.0293" pos="15.162 2.097 0.0293" axisangle="0 0 1 -0.203" material="wood" mass="0.1"/>
    <geom name="rubble_2125" type="box" size="0.050 0.050 0.0342" pos="15.167 2.209 0.0342" axisangle="0 0 1 0.079" material="wood" mass="0.1"/>
    <geom name="rubble_2126" type="box" size="0.050 0.050 0.0250" pos="15.139 2.302 0.0250" axisangle="0 0 1 -0.241" material="wood" mass="0.1"/>
    <geom name="rubble_2127" type="box" size="0.050 0.050 0.0391" pos="15.157 2.405 0.0391" axisangle="0 0 1 0.181" material="wood" mass="0.1"/>
    <geom name="rubble_2128" type="box" size="0.050 0.050 0.0322" pos="15.169 2.517 0.0322" axisangle="0 0 1 -0.198" material="wood" mass="0.1"/>
    <geom name="rubble_2129" type="box" size="0.050 0.050 0.0358" pos="15.160 2.594 0.0358" axisangle="0 0 1 0.172" material="wood" mass="0.1"/>
    <geom name="rubble_2130" type="box" size="0.050 0.050 0.0100" pos="15.168 2.693 0.0100" axisangle="0 0 1 -0.136" material="wood" mass="0.1"/>
    <geom name="rubble_2131" type="box" size="0.050 0.050 0.0465" pos="15.264 1.286 0.0465" axisangle="0 0 1 -0.147" material="wood" mass="0.1"/>
    <geom name="rubble_2132" type="box" size="0.050 0.050 0.0405" pos="15.242 1.397 0.0405" axisangle="0 0 1 -0.085" material="wood" mass="0.1"/>
    <geom name="rubble_2133" type="box" size="0.050 0.050 0.0076" pos="15.238 1.511 0.0076" axisangle="0 0 1 -0.160" material="wood" mass="0.1"/>
    <geom name="rubble_2134" type="box" size="0.050 0.050 0.0285" pos="15.254 1.597 0.0285" axisangle="0 0 1 -0.033" material="wood" mass="0.1"/>
    <geom name="rubble_2135" type="box" size="0.050 0.050 0.0092" pos="15.257 1.716 0.0092" axisangle="0 0 1 -0.143" material="wood" mass="0.1"/>
    <geom name="rubble_2136" type="box" size="0.050 0.050 0.0039" pos="15.256 1.782 0.0039" axisangle="0 0 1 0.051" material="wood" mass="0.1"/>
    <geom name="rubble_2137" type="box" size="0.050 0.050 0.0043" pos="15.238 1.906 0.0043" axisangle="0 0 1 0.101" material="wood" mass="0.1"/>
    <geom name="rubble_2138" type="box" size="0.050 0.050 0.0049" pos="15.251 1.992 0.0049" axisangle="0 0 1 0.076" material="wood" mass="0.1"/>
    <geom name="rubble_2139" type="box" size="0.050 0.050 0.0063" pos="15.246 2.099 0.0063" axisangle="0 0 1 0.115" material="wood" mass="0.1"/>
    <geom name="rubble_2140" type="box" size="0.050 0.050 0.0323" pos="15.269 2.204 0.0323" axisangle="0 0 1 0.221" material="wood" mass="0.1"/>
    <geom name="rubble_2141" type="box" size="0.050 0.050 0.0060" pos="15.252 2.296 0.0060" axisangle="0 0 1 -0.080" material="wood" mass="0.1"/>
    <geom name="rubble_2142" type="box" size="0.050 0.050 0.0265" pos="15.235 2.390 0.0265" axisangle="0 0 1 0.209" material="wood" mass="0.1"/>
    <geom name="rubble_2143" type="box" size="0.050 0.050 0.0334" pos="15.259 2.490 0.0334" axisangle="0 0 1 -0.077" material="wood" mass="0.1"/>
    <geom name="rubble_2144" type="box" size="0.050 0.050 0.0380" pos="15.236 2.590 0.0380" axisangle="0 0 1 0.066" material="wood" mass="0.1"/>
    <geom name="rubble_2145" type="box" size="0.050 0.050 0.0444" pos="15.250 2.683 0.0444" axisangle="0 0 1 0.175" material="wood" mass="0.1"/>
    <geom name="rubble_2146" type="box" size="0.050 0.050 0.0135" pos="15.345 1.305 0.0135" axisangle="0 0 1 -0.004" material="wood" mass="0.1"/>
    <geom name="rubble_2147" type="box" size="0.050 0.050 0.0375" pos="15.357 1.406 0.0375" axisangle="0 0 1 0.054" material="wood" mass="0.1"/>
    <geom name="rubble_2148" type="box" size="0.050 0.050 0.0112" pos="15.339 1.503 0.0112" axisangle="0 0 1 0.176" material="wood" mass="0.1"/>
    <geom name="rubble_2149" type="box" size="0.050 0.050 0.0083" pos="15.366 1.589 0.0083" axisangle="0 0 1 0.114" material="wood" mass="0.1"/>
    <geom name="rubble_2150" type="box" size="0.050 0.050 0.0061" pos="15.349 1.715 0.0061" axisangle="0 0 1 -0.244" material="wood" mass="0.1"/>
    <geom name="rubble_2151" type="box" size="0.050 0.050 0.0220" pos="15.362 1.794 0.0220" axisangle="0 0 1 0.138" material="wood" mass="0.1"/>
    <geom name="rubble_2152" type="box" size="0.050 0.050 0.0488" pos="15.338 1.887 0.0488" axisangle="0 0 1 0.003" material="wood" mass="0.1"/>
    <geom name="rubble_2153" type="box" size="0.050 0.050 0.0302" pos="15.363 1.991 0.0302" axisangle="0 0 1 0.125" material="wood" mass="0.1"/>
    <geom name="rubble_2154" type="box" size="0.050 0.050 0.0170" pos="15.337 2.107 0.0170" axisangle="0 0 1 0.195" material="wood" mass="0.1"/>
    <geom name="rubble_2155" type="box" size="0.050 0.050 0.0369" pos="15.367 2.200 0.0369" axisangle="0 0 1 0.089" material="wood" mass="0.1"/>
    <geom name="rubble_2156" type="box" size="0.050 0.050 0.0323" pos="15.349 2.286 0.0323" axisangle="0 0 1 -0.175" material="wood" mass="0.1"/>
    <geom name="rubble_2157" type="box" size="0.050 0.050 0.0167" pos="15.344 2.383 0.0167" axisangle="0 0 1 -0.046" material="wood" mass="0.1"/>
    <geom name="rubble_2158" type="box" size="0.050 0.050 0.0441" pos="15.361 2.487 0.0441" axisangle="0 0 1 0.191" material="wood" mass="0.1"/>
    <geom name="rubble_2159" type="box" size="0.050 0.050 0.0256" pos="15.359 2.605 0.0256" axisangle="0 0 1 0.127" material="wood" mass="0.1"/>
    <geom name="rubble_2160" type="box" size="0.050 0.050 0.0236" pos="15.358 2.704 0.0236" axisangle="0 0 1 -0.126" material="wood" mass="0.1"/>
    <geom name="rubble_2161" type="box" size="0.050 0.050 0.0159" pos="15.449 1.320 0.0159" axisangle="0 0 1 -0.222" material="wood" mass="0.1"/>
    <geom name="rubble_2162" type="box" size="0.050 0.050 0.0159" pos="15.445 1.395 0.0159" axisangle="0 0 1 0.097" material="wood" mass="0.1"/>
    <geom name="rubble_2163" type="box" size="0.050 0.050 0.0385" pos="15.449 1.516 0.0385" axisangle="0 0 1 0.116" material="wood" mass="0.1"/>
    <geom name="rubble_2164" type="box" size="0.050 0.050 0.0460" pos="15.466 1.594 0.0460" axisangle="0 0 1 -0.102" material="wood" mass="0.1"/>
    <geom name="rubble_2165" type="box" size="0.050 0.050 0.0270" pos="15.456 1.720 0.0270" axisangle="0 0 1 -0.241" material="wood" mass="0.1"/>
    <geom name="rubble_2166" type="box" size="0.050 0.050 0.0361" pos="15.456 1.808 0.0361" axisangle="0 0 1 0.100" material="wood" mass="0.1"/>
    <geom name="rubble_2167" type="box" size="0.050 0.050 0.0028" pos="15.436 1.892 0.0028" axisangle="0 0 1 -0.102" material="wood" mass="0.1"/>
    <geom name="rubble_2168" type="box" size="0.050 0.050 0.0238" pos="15.450 2.012 0.0238" axisangle="0 0 1 -0.091" material="wood" mass="0.1"/>
    <geom name="rubble_2169" type="box" size="0.050 0.050 0.0496" pos="15.463 2.116 0.0496" axisangle="0 0 1 -0.200" material="wood" mass="0.1"/>
    <geom name="rubble_2170" type="box" size="0.050 0.050 0.0127" pos="15.438 2.217 0.0127" axisangle="0 0 1 0.078" material="wood" mass="0.1"/>
    <geom name="rubble_2171" type="box" size="0.050 0.050 0.0226" pos="15.464 2.302 0.0226" axisangle="0 0 1 -0.219" material="wood" mass="0.1"/>
    <geom name="rubble_2172" type="box" size="0.050 0.050 0.0231" pos="15.468 2.406 0.0231" axisangle="0 0 1 0.257" material="wood" mass="0.1"/>
    <geom name="rubble_2173" type="box" size="0.050 0.050 0.0242" pos="15.443 2.503 0.0242" axisangle="0 0 1 0.028" material="wood" mass="0.1"/>
    <geom name="rubble_2174" type="box" size="0.050 0.050 0.0047" pos="15.458 2.581 0.0047" axisangle="0 0 1 0.007" material="wood" mass="0.1"/>
    <geom name="rubble_2175" type="box" size="0.050 0.050 0.0062" pos="15.463 2.703 0.0062" axisangle="0 0 1 0.017" material="wood" mass="0.1"/>
    <geom name="rubble_2176" type="box" size="0.050 0.050 0.0232" pos="15.546 1.290 0.0232" axisangle="0 0 1 0.175" material="wood" mass="0.1"/>
    <geom name="rubble_2177" type="box" size="0.050 0.050 0.0381" pos="15.562 1.412 0.0381" axisangle="0 0 1 0.099" material="wood" mass="0.1"/>
    <geom name="rubble_2178" type="box" size="0.050 0.050 0.0029" pos="15.550 1.481 0.0029" axisangle="0 0 1 -0.128" material="wood" mass="0.1"/>
    <geom name="rubble_2179" type="box" size="0.050 0.050 0.0263" pos="15.557 1.586 0.0263" axisangle="0 0 1 0.076" material="wood" mass="0.1"/>
    <geom name="rubble_2180" type="box" size="0.050 0.050 0.0397" pos="15.548 1.704 0.0397" axisangle="0 0 1 0.206" material="wood" mass="0.1"/>
    <geom name="rubble_2181" type="box" size="0.050 0.050 0.0417" pos="15.553 1.791 0.0417" axisangle="0 0 1 -0.051" material="wood" mass="0.1"/>
    <geom name="rubble_2182" type="box" size="0.050 0.050 0.0122" pos="15.561 1.890 0.0122" axisangle="0 0 1 0.010" material="wood" mass="0.1"/>
    <geom name="rubble_2183" type="box" size="0.050 0.050 0.0096" pos="15.553 1.986 0.0096" axisangle="0 0 1 -0.261" material="wood" mass="0.1"/>
    <geom name="rubble_2184" type="box" size="0.050 0.050 0.0178" pos="15.565 2.103 0.0178" axisangle="0 0 1 0.185" material="wood" mass="0.1"/>
    <geom name="rubble_2185" type="box" size="0.050 0.050 0.0097" pos="15.554 2.194 0.0097" axisangle="0 0 1 -0.071" material="wood" mass="0.1"/>
    <geom name="rubble_2186" type="box" size="0.050 0.050 0.0157" pos="15.568 2.303 0.0157" axisangle="0 0 1 0.113" material="wood" mass="0.1"/>
    <geom name="rubble_2187" type="box" size="0.050 0.050 0.0033" pos="15.569 2.413 0.0033" axisangle="0 0 1 0.115" material="wood" mass="0.1"/>
    <geom name="rubble_2188" type="box" size="0.050 0.050 0.0169" pos="15.548 2.489 0.0169" axisangle="0 0 1 -0.012" material="wood" mass="0.1"/>
    <geom name="rubble_2189" type="box" size="0.050 0.050 0.0404" pos="15.557 2.606 0.0404" axisangle="0 0 1 0.189" material="wood" mass="0.1"/>
    <geom name="rubble_2190" type="box" size="0.050 0.050 0.0244" pos="15.534 2.690 0.0244" axisangle="0 0 1 0.229" material="wood" mass="0.1"/>
    <geom name="rubble_2191" type="box" size="0.050 0.050 0.0319" pos="15.656 1.287 0.0319" axisangle="0 0 1 0.140" material="wood" mass="0.1"/>
    <geom name="rubble_2192" type="box" size="0.050 0.050 0.0084" pos="15.632 1.380 0.0084" axisangle="0 0 1 -0.154" material="wood" mass="0.1"/>
    <geom name="rubble_2193" type="box" size="0.050 0.050 0.0117" pos="15.631 1.502 0.0117" axisangle="0 0 1 0.149" material="wood" mass="0.1"/>
    <geom name="rubble_2194" type="box" size="0.050 0.050 0.0081" pos="15.644 1.600 0.0081" axisangle="0 0 1 0.020" material="wood" mass="0.1"/>
    <geom name="rubble_2195" type="box" size="0.050 0.050 0.0271" pos="15.637 1.704 0.0271" axisangle="0 0 1 0.231" material="wood" mass="0.1"/>
    <geom name="rubble_2196" type="box" size="0.050 0.050 0.0254" pos="15.661 1.785 0.0254" axisangle="0 0 1 -0.037" material="wood" mass="0.1"/>
    <geom name="rubble_2197" type="box" size="0.050 0.050 0.0078" pos="15.647 1.906 0.0078" axisangle="0 0 1 -0.193" material="wood" mass="0.1"/>
    <geom name="rubble_2198" type="box" size="0.050 0.050 0.0036" pos="15.666 1.996 0.0036" axisangle="0 0 1 -0.083" material="wood" mass="0.1"/>
    <geom name="rubble_2199" type="box" size="0.050 0.050 0.0230" pos="15.666 2.116 0.0230" axisangle="0 0 1 0.215" material="wood" mass="0.1"/>
    <geom name="rubble_2200" type="box" size="0.050 0.050 0.0418" pos="15.650 2.209 0.0418" axisangle="0 0 1 -0.156" material="wood" mass="0.1"/>
    <geom name="rubble_2201" type="box" size="0.050 0.050 0.0073" pos="15.654 2.313 0.0073" axisangle="0 0 1 0.026" material="wood" mass="0.1"/>
    <geom name="rubble_2202" type="box" size="0.050 0.050 0.0343" pos="15.646 2.389 0.0343" axisangle="0 0 1 -0.079" material="wood" mass="0.1"/>
    <geom name="rubble_2203" type="box" size="0.050 0.050 0.0391" pos="15.632 2.517 0.0391" axisangle="0 0 1 -0.096" material="wood" mass="0.1"/>
    <geom name="rubble_2204" type="box" size="0.050 0.050 0.0089" pos="15.670 2.604 0.0089" axisangle="0 0 1 -0.089" material="wood" mass="0.1"/>
    <geom name="rubble_2205" type="box" size="0.050 0.050 0.0350" pos="15.669 2.691 0.0350" axisangle="0 0 1 -0.223" material="wood" mass="0.1"/>
    <geom name="rubble_2206" type="box" size="0.050 0.050 0.0182" pos="15.734 1.293 0.0182" axisangle="0 0 1 -0.256" material="wood" mass="0.1"/>
    <geom name="rubble_2207" type="box" size="0.050 0.050 0.0459" pos="15.753 1.384 0.0459" axisangle="0 0 1 -0.257" material="wood" mass="0.1"/>
    <geom name="rubble_2208" type="box" size="0.050 0.050 0.0140" pos="15.747 1.487 0.0140" axisangle="0 0 1 -0.210" material="wood" mass="0.1"/>
    <geom name="rubble_2209" type="box" size="0.050 0.050 0.0037" pos="15.754 1.604 0.0037" axisangle="0 0 1 0.130" material="wood" mass="0.1"/>
    <geom name="rubble_2210" type="box" size="0.050 0.050 0.0163" pos="15.748 1.709 0.0163" axisangle="0 0 1 -0.056" material="wood" mass="0.1"/>
    <geom name="rubble_2211" type="box" size="0.050 0.050 0.0472" pos="15.737 1.796 0.0472" axisangle="0 0 1 -0.142" material="wood" mass="0.1"/>
    <geom name="rubble_2212" type="box" size="0.050 0.050 0.0366" pos="15.768 1.898 0.0366" axisangle="0 0 1 0.166" material="wood" mass="0.1"/>
    <geom name="rubble_2213" type="box" size="0.050 0.050 0.0269" pos="15.761 1.993 0.0269" axisangle="0 0 1 -0.090" material="wood" mass="0.1"/>
    <geom name="rubble_2214" type="box" size="0.050 0.050 0.0294" pos="15.744 2.101 0.0294" axisangle="0 0 1 0.054" material="wood" mass="0.1"/>
    <geom name="rubble_2215" type="box" size="0.050 0.050 0.0187" pos="15.744 2.208 0.0187" axisangle="0 0 1 -0.133" material="wood" mass="0.1"/>
    <geom name="rubble_2216" type="box" size="0.050 0.050 0.0363" pos="15.762 2.300 0.0363" axisangle="0 0 1 -0.159" material="wood" mass="0.1"/>
    <geom name="rubble_2217" type="box" size="0.050 0.050 0.0463" pos="15.770 2.404 0.0463" axisangle="0 0 1 0.184" material="wood" mass="0.1"/>
    <geom name="rubble_2218" type="box" size="0.050 0.050 0.0126" pos="15.766 2.500 0.0126" axisangle="0 0 1 0.156" material="wood" mass="0.1"/>
    <geom name="rubble_2219" type="box" size="0.050 0.050 0.0443" pos="15.761 2.581 0.0443" axisangle="0 0 1 0.054" material="wood" mass="0.1"/>
    <geom name="rubble_2220" type="box" size="0.050 0.050 0.0359" pos="15.758 2.712 0.0359" axisangle="0 0 1 -0.033" material="wood" mass="0.1"/>
    <geom name="rubble_2221" type="box" size="0.050 0.050 0.0148" pos="15.853 1.303 0.0148" axisangle="0 0 1 0.087" material="wood" mass="0.1"/>
    <geom name="rubble_2222" type="box" size="0.050 0.050 0.0375" pos="15.845 1.408 0.0375" axisangle="0 0 1 0.190" material="wood" mass="0.1"/>
    <geom name="rubble_2223" type="box" size="0.050 0.050 0.0496" pos="15.864 1.502 0.0496" axisangle="0 0 1 -0.193" material="wood" mass="0.1"/>
    <geom name="rubble_2224" type="box" size="0.050 0.050 0.0343" pos="15.840 1.580 0.0343" axisangle="0 0 1 -0.104" material="wood" mass="0.1"/>
    <geom name="rubble_2225" type="box" size="0.050 0.050 0.0205" pos="15.853 1.706 0.0205" axisangle="0 0 1 -0.173" material="wood" mass="0.1"/>
    <geom name="rubble_2226" type="box" size="0.050 0.050 0.0355" pos="15.868 1.780 0.0355" axisangle="0 0 1 -0.134" material="wood" mass="0.1"/>
    <geom name="rubble_2227" type="box" size="0.050 0.050 0.0225" pos="15.838 1.896 0.0225" axisangle="0 0 1 0.252" material="wood" mass="0.1"/>
    <geom name="rubble_2228" type="box" size="0.050 0.050 0.0133" pos="15.834 2.010 0.0133" axisangle="0 0 1 -0.218" material="wood" mass="0.1"/>
    <geom name="rubble_2229" type="box" size="0.050 0.050 0.0180" pos="15.839 2.081 0.0180" axisangle="0 0 1 -0.084" material="wood" mass="0.1"/>
    <geom name="rubble_2230" type="box" size="0.050 0.050 0.0230" pos="15.861 2.190 0.0230" axisangle="0 0 1 -0.074" material="wood" mass="0.1"/>
    <geom name="rubble_2231" type="box" size="0.050 0.050 0.0117" pos="15.865 2.316 0.0117" axisangle="0 0 1 -0.183" material="wood" mass="0.1"/>
    <geom name="rubble_2232" type="box" size="0.050 0.050 0.0152" pos="15.831 2.391 0.0152" axisangle="0 0 1 0.163" material="wood" mass="0.1"/>
    <geom name="rubble_2233" type="box" size="0.050 0.050 0.0027" pos="15.851 2.494 0.0027" axisangle="0 0 1 -0.192" material="wood" mass="0.1"/>
    <geom name="rubble_2234" type="box" size="0.050 0.050 0.0157" pos="15.838 2.615 0.0157" axisangle="0 0 1 -0.210" material="wood" mass="0.1"/>
    <geom name="rubble_2235" type="box" size="0.050 0.050 0.0339" pos="15.830 2.702 0.0339" axisangle="0 0 1 0.161" material="wood" mass="0.1"/>
    <geom name="rubble_2236" type="box" size="0.050 0.050 0.0106" pos="15.940 1.308 0.0106" axisangle="0 0 1 0.163" material="wood" mass="0.1"/>
    <geom name="rubble_2237" type="box" size="0.050 0.050 0.0406" pos="15.939 1.389 0.0406" axisangle="0 0 1 0.175" material="wood" mass="0.1"/>
    <geom name="rubble_2238" type="box" size="0.050 0.050 0.0418" pos="15.932 1.498 0.0418" axisangle="0 0 1 -0.011" material="wood" mass="0.1"/>
    <geom name="rubble_2239" type="box" size="0.050 0.050 0.0074" pos="15.943 1.595 0.0074" axisangle="0 0 1 -0.187" material="wood" mass="0.1"/>
    <geom name="rubble_2240" type="box" size="0.050 0.050 0.0066" pos="15.936 1.686 0.0066" axisangle="0 0 1 -0.197" material="wood" mass="0.1"/>
    <geom name="rubble_2241" type="box" size="0.050 0.050 0.0227" pos="15.966 1.799 0.0227" axisangle="0 0 1 -0.026" material="wood" mass="0.1"/>
    <geom name="rubble_2242" type="box" size="0.050 0.050 0.0460" pos="15.962 1.891 0.0460" axisangle="0 0 1 -0.166" material="wood" mass="0.1"/>
    <geom name="rubble_2243" type="box" size="0.050 0.050 0.0162" pos="15.942 1.994 0.0162" axisangle="0 0 1 0.167" material="wood" mass="0.1"/>
    <geom name="rubble_2244" type="box" size="0.050 0.050 0.0485" pos="15.937 2.089 0.0485" axisangle="0 0 1 0.090" material="wood" mass="0.1"/>
    <geom name="rubble_2245" type="box" size="0.050 0.050 0.0241" pos="15.946 2.181 0.0241" axisangle="0 0 1 0.250" material="wood" mass="0.1"/>
    <geom name="rubble_2246" type="box" size="0.050 0.050 0.0154" pos="15.944 2.286 0.0154" axisangle="0 0 1 -0.197" material="wood" mass="0.1"/>
    <geom name="rubble_2247" type="box" size="0.050 0.050 0.0345" pos="15.957 2.415 0.0345" axisangle="0 0 1 0.093" material="wood" mass="0.1"/>
    <geom name="rubble_2248" type="box" size="0.050 0.050 0.0155" pos="15.935 2.481 0.0155" axisangle="0 0 1 -0.134" material="wood" mass="0.1"/>
    <geom name="rubble_2249" type="box" size="0.050 0.050 0.0307" pos="15.968 2.596 0.0307" axisangle="0 0 1 -0.068" material="wood" mass="0.1"/>
    <geom name="rubble_2250" type="box" size="0.050 0.050 0.0443" pos="15.957 2.694 0.0443" axisangle="0 0 1 -0.233" material="wood" mass="0.1"/>




